{"valueType":"nodes","values":[{"_typeName":"Visit","id":"cjsix7934009u0943122ur37t","updatedAt":"2019-02-24T12:59:40.071Z","date":"2019-02-04T23:00:00.000Z","comment":"","createdAt":"2019-02-24T12:59:40.071Z"},{"_typeName":"Visit","id":"cjsldj10k002z0971aa62e02j","weight":18,"updatedAt":"2019-03-03T19:29:18.298Z","frames":4,"breedFrames":4,"date":"2019-02-24T23:00:00.000Z","comment":"Cria compacte","createdAt":"2019-02-26T06:12:15.713Z"},{"_typeName":"Visit","id":"cjsldr3bu004009710y6o1zb7","weight":14,"updatedAt":"2019-02-26T06:18:31.961Z","frames":4,"breedFrames":4,"date":"2019-02-24T23:00:00.000Z","comment":"Cria compacte.\n5Q + alimentador\n- alimentador + 2Q","createdAt":"2019-02-26T06:18:31.961Z"},{"_typeName":"Visit","id":"cjslkd2sl00570971ktafx7q6","weight":17,"updatedAt":"2019-02-26T09:23:35.397Z","frames":5,"breedFrames":3,"date":"2019-02-24T23:00:00.000Z","comment":"Cria algo alternada\n- alimentador","createdAt":"2019-02-26T09:23:35.397Z"},{"_typeName":"Visit","id":"cjslkfxr7005t09717xtftclp","weight":16,"updatedAt":"2019-02-26T09:25:48.834Z","frames":3,"breedFrames":2,"date":"2019-02-24T23:00:00.000Z","feedingKg":0.8,"comment":"Cria compacte a una punta","createdAt":"2019-02-26T09:25:48.834Z"},{"_typeName":"Visit","id":"cjslkipre006d0971b6w9ndqb","weight":17,"updatedAt":"2019-02-26T09:27:58.441Z","frames":5,"breedFrames":4,"date":"2019-02-24T23:00:00.000Z","comment":"Cria compacte","createdAt":"2019-02-26T09:27:58.441Z"},{"_typeName":"Visit","id":"cjslkkn9s006x0971o13euvji","weight":20,"updatedAt":"2019-02-26T09:29:28.528Z","frames":7,"breedFrames":5,"date":"2019-02-24T23:00:00.000Z","comment":"Cria compacte","createdAt":"2019-02-26T09:29:28.528Z"},{"_typeName":"Visit","id":"cjslkq0os007g0971o4ys8k30","weight":23,"updatedAt":"2019-02-26T09:33:39.196Z","frames":8,"breedFrames":4,"date":"2019-02-24T23:00:00.000Z","comment":"cria compacte\nCria mascle\n","createdAt":"2019-02-26T09:33:39.196Z"},{"_typeName":"Visit","id":"cjslktac7007y09719hf35gi6","weight":17,"updatedAt":"2019-02-26T09:36:11.671Z","frames":6,"breedFrames":4,"date":"2019-02-24T23:00:00.000Z","comment":"Cria compacte\nCria mascle","createdAt":"2019-02-26T09:36:11.671Z"},{"_typeName":"Visit","id":"cjslkx838008i0971tyddz9j4","weight":17,"updatedAt":"2019-02-26T09:39:15.380Z","frames":3,"breedFrames":2,"date":"2019-02-24T23:00:00.000Z","comment":"Cria   +/-  saltejada\n-2Q (queda amb 8Q)","createdAt":"2019-02-26T09:39:15.380Z"},{"_typeName":"Visit","id":"cjsll1a8b00920971jb20yr7u","weight":15,"updatedAt":"2019-02-26T09:42:24.779Z","frames":3,"breedFrames":3,"date":"2019-02-24T23:00:00.000Z","feedingKg":0.8,"comment":"Cria saltejada\nalimentador ","createdAt":"2019-02-26T09:42:24.779Z"},{"_typeName":"Visit","id":"cjsll55u8009m0971h3198ljr","weight":17,"updatedAt":"2019-02-26T09:45:25.712Z","frames":3,"breedFrames":3,"date":"2019-02-24T23:00:00.000Z","feedingKg":0.8,"comment":"Cria compacte\nniu cria petit i a la punta\nglucosa + aigua 20%","createdAt":"2019-02-26T09:45:25.712Z"},{"_typeName":"Visit","id":"cjsll976r00a40971oy21coin","weight":14,"updatedAt":"2019-02-26T09:48:34.082Z","frames":2,"breedFrames":1,"date":"2019-02-24T23:00:00.000Z","feedingKg":0.8,"comment":"+Q brescat\naliment (glucosa + aigua 20%)","createdAt":"2019-02-26T09:48:34.082Z"},{"_typeName":"Visit","id":"cjsllb4qr00ao0971chdzltk2","weight":7,"updatedAt":"2019-02-26T09:50:04.226Z","frames":4,"breedFrames":3,"date":"2019-02-24T23:00:00.000Z","comment":"nucli cartro\n-alimentador\n+1Q brescat","createdAt":"2019-02-26T09:50:04.226Z"},{"_typeName":"Visit","id":"cjso7bkni00fl0971m94eilas","weight":19,"updatedAt":"2019-02-28T05:41:48.749Z","frames":6,"breedFrames":4,"date":"2019-02-26T23:00:00.000Z","comment":"Cria compacte\nCria mascle","createdAt":"2019-02-28T05:41:48.749Z"},{"_typeName":"Visit","id":"cjso7dm8g00gd09715u609euy","weight":22,"updatedAt":"2019-02-28T05:43:24.112Z","frames":8,"breedFrames":5,"date":"2019-02-26T23:00:00.000Z","comment":"Cria compacte\nCria mascle","createdAt":"2019-02-28T05:43:24.112Z"},{"_typeName":"Visit","id":"cjso7f58500h509717iign9iy","weight":24,"updatedAt":"2019-02-28T05:44:35.381Z","frames":8,"breedFrames":5,"date":"2019-02-26T23:00:00.000Z","comment":"Cria compacte\nCria mascle","createdAt":"2019-02-28T05:44:35.381Z"},{"_typeName":"Visit","id":"cjso7jmrg00hw0971bsjr3t4r","weight":24,"updatedAt":"2019-02-28T05:48:04.732Z","frames":7,"breedFrames":4,"date":"2019-02-26T23:00:00.000Z","comment":"Cria compacte\nCria mascle\n+Q (sense cera) per donar espai","createdAt":"2019-02-28T05:48:04.732Z"},{"_typeName":"Visit","id":"cjso7la2g00iy097182q58y3n","weight":24,"updatedAt":"2019-02-28T05:49:21.592Z","frames":8,"breedFrames":5,"date":"2019-02-26T23:00:00.000Z","comment":"Cria compacte\nCria mascle","createdAt":"2019-02-28T05:49:21.592Z"},{"_typeName":"Visit","id":"cjso7m2ev00jh09713odedax8","weight":21,"updatedAt":"2019-02-28T05:49:58.327Z","frames":5,"breedFrames":2,"date":"2019-02-26T23:00:00.000Z","comment":"Cria compacte\nCria mascle","createdAt":"2019-02-28T05:49:58.327Z"},{"_typeName":"Visit","id":"cjso7n6ei00k80971fhnjdyvg","weight":21,"updatedAt":"2019-02-28T05:50:50.154Z","frames":5,"breedFrames":5,"date":"2019-02-26T23:00:00.000Z","comment":"Cria compacte\nCria mascle","createdAt":"2019-02-28T05:50:50.154Z"},{"_typeName":"Visit","id":"cjstbd4nt00mf0971tveay5mc","weight":18,"updatedAt":"2019-10-27T16:59:59.314Z","blocks":"c","frames":4,"breedFrames":4,"date":"2019-02-24T23:00:00.000Z","comment":"Cria compacte","createdAt":"2019-03-03T19:33:50.680Z"},{"_typeName":"Visit","id":"cjstbfyzy00nh09710b63kvql","weight":14,"updatedAt":"2019-03-03T20:03:06.407Z","frames":4,"breedFrames":4,"date":"2019-02-24T23:00:00.000Z","comment":"Cria compacte.\n5Q + alimentador\n- alimentador + 2Q","createdAt":"2019-03-03T19:36:03.310Z"},{"_typeName":"Visit","id":"cjstbhsne00ok0971l9wvigpx","weight":17,"updatedAt":"2019-03-03T20:03:25.068Z","frames":5,"breedFrames":3,"date":"2019-02-24T23:00:00.000Z","comment":"Cria algo alternada\n- alimentador","createdAt":"2019-03-03T19:37:28.394Z"},{"_typeName":"Visit","id":"cjstbky8s00pw0971sx92pfe8","weight":16,"updatedAt":"2019-03-03T20:03:41.707Z","frames":3,"breedFrames":2,"date":"2019-02-24T23:00:00.000Z","feedingKg":0.8,"comment":"Cria compacte a una punta","createdAt":"2019-03-03T19:39:55.612Z"},{"_typeName":"Visit","id":"cjstbmzg700rc097191dxneow","weight":18,"updatedAt":"2019-03-03T20:03:53.386Z","frames":5,"breedFrames":4,"date":"2019-02-24T23:00:00.000Z","comment":"Cria compacte","createdAt":"2019-03-03T19:41:30.486Z"},{"_typeName":"Visit","id":"cjstbodwo00sf097138tehrae","weight":20,"updatedAt":"2019-03-03T20:04:04.196Z","frames":7,"breedFrames":5,"date":"2019-02-24T23:00:00.000Z","comment":"Cria compacte","createdAt":"2019-03-03T19:42:35.879Z"},{"_typeName":"Visit","id":"cjstbquio00tz0971aeu7y492","weight":23,"updatedAt":"2019-03-03T20:04:32.778Z","frames":8,"breedFrames":4,"date":"2019-02-24T23:00:00.000Z","comment":"cria compacte\nCria mascle","createdAt":"2019-03-03T19:44:30.720Z"},{"_typeName":"Visit","id":"cjstbs39o00v0097129dhm8sn","weight":17,"updatedAt":"2019-03-03T20:04:50.332Z","frames":6,"breedFrames":4,"date":"2019-02-24T23:00:00.000Z","comment":"cria compacte\nCria mascle","createdAt":"2019-03-03T19:45:28.716Z"},{"_typeName":"Visit","id":"cjstbth2g00vx0971l6a3ieg9","weight":17,"updatedAt":"2019-03-03T20:05:08.288Z","frames":3,"breedFrames":2,"date":"2019-02-24T23:00:00.000Z","comment":"Cria   +/-  saltejada\n-2Q (queda amb 8Q)","createdAt":"2019-03-03T19:46:33.255Z"},{"_typeName":"Visit","id":"cjstbvnem00wq0971j9pigula","weight":15,"updatedAt":"2019-03-11T09:21:49.951Z","frames":3,"breedFrames":3,"date":"2019-02-24T23:00:00.000Z","feedingKg":1,"comment":"Cria saltejada\n alimentador ","createdAt":"2019-03-03T19:48:14.781Z"},{"_typeName":"Visit","id":"cjstc1bng010109714xvkjb0o","weight":14,"updatedAt":"2019-03-03T20:05:49.955Z","frames":2,"breedFrames":1,"date":"2019-02-24T23:00:00.000Z","feedingKg":0.8,"comment":"+Q brescat\naliment (glucosa + aigua 20%)","createdAt":"2019-03-03T19:52:39.483Z"},{"_typeName":"Visit","id":"cjstc2zt2010w0971nzk86ezv","weight":7,"updatedAt":"2019-03-03T20:06:05.395Z","frames":4,"breedFrames":3,"date":"2019-02-24T23:00:00.000Z","comment":"nucli cartro\n-alimentador\n+1Q brescat","createdAt":"2019-03-03T19:53:57.446Z"},{"_typeName":"Visit","id":"cjstc4gx1011x09712nye7fsi","weight":22,"updatedAt":"2019-03-03T20:06:23.952Z","frames":8,"breedFrames":5,"date":"2019-02-25T23:00:00.000Z","comment":"Cria compacte\nCria mascle","createdAt":"2019-03-03T19:55:06.276Z"},{"_typeName":"Visit","id":"cjstc5qsv012x0971kgq1lzw0","weight":24,"updatedAt":"2019-03-03T20:06:35.693Z","frames":8,"breedFrames":5,"date":"2019-02-25T23:00:00.000Z","comment":"Cria compacte\nCria mascle","createdAt":"2019-03-03T19:56:05.742Z"},{"_typeName":"Visit","id":"cjstc6tcg013n0971pnjjgxzx","weight":19,"updatedAt":"2019-03-03T20:06:45.389Z","frames":6,"breedFrames":2,"date":"2019-02-25T23:00:00.000Z","comment":"Cria compacte\nCria mascle","createdAt":"2019-03-03T19:56:55.696Z"},{"_typeName":"Visit","id":"cjstc82x5014m09713prpvpqu","weight":24,"updatedAt":"2019-03-03T20:06:55.044Z","frames":7,"breedFrames":4,"date":"2019-02-25T23:00:00.000Z","comment":"Cria compacte\nCria mascle\n+Q (sense cera) per donar espai","createdAt":"2019-03-03T19:57:54.761Z"},{"_typeName":"Visit","id":"cjstca0uc015c0971uabscza5","weight":21,"updatedAt":"2019-03-03T19:59:25.380Z","frames":5,"breedFrames":5,"date":"2019-02-25T23:00:00.000Z","comment":"Cria compacte\nCria mascle","createdAt":"2019-03-03T19:59:25.380Z"},{"_typeName":"Visit","id":"cjstcbs4a01660971a0i2uv1m","weight":24,"updatedAt":"2019-03-03T20:07:20.279Z","frames":8,"breedFrames":5,"date":"2019-02-25T23:00:00.000Z","comment":"Cria compacte\nCria mascle","createdAt":"2019-03-03T20:00:47.385Z"},{"_typeName":"Visit","id":"cjstccoyw01700971zzh3l6oe","weight":21,"updatedAt":"2019-03-03T20:07:33.107Z","frames":5,"breedFrames":2,"date":"2019-02-25T23:00:00.000Z","comment":"Cria compacte\nCria mascle","createdAt":"2019-03-03T20:01:29.960Z"},{"_typeName":"Visit","id":"cjstzqtpq01kc0971hla35muk","updatedAt":"2019-04-17T20:44:44.553Z","frames":5,"breedFrames":4,"date":"2019-03-02T23:00:00.000Z","comment":"Nucli cartró --->caixa Langstroth +2QB\nno sabem si hi ha reina \n ","createdAt":"2019-03-04T06:56:20.462Z"},{"_typeName":"Visit","id":"cjsyc9z4801nz09712yl0yt5g","updatedAt":"2019-03-07T07:58:14.024Z","date":"2019-03-04T23:00:00.000Z","comment":"cria tendre\nno blanquejen","createdAt":"2019-03-07T07:58:14.024Z"},{"_typeName":"Visit","id":"cjsycdohp01oi0971jvv0kq7k","updatedAt":"2019-03-07T08:01:06.877Z","frames":10,"date":"2019-03-04T23:00:00.000Z","comment":"cria tendre\n+excluidor\n+alça a sota. La reina queda tancada a dalt.\n","createdAt":"2019-03-07T08:01:06.877Z"},{"_typeName":"Visit","id":"cjsycgypf01p10971ne8xaduu","updatedAt":"2019-03-07T08:04:45.383Z","frames":5,"breedFrames":4,"date":"2019-03-04T23:00:00.000Z","comment":"Nucli ---->caixa.\nCria tendre al Q5\n+2QB","createdAt":"2019-03-07T08:03:40.083Z"},{"_typeName":"Visit","id":"cjsyclay001rd09710r8x4rrx","updatedAt":"2019-03-07T08:07:02.568Z","date":"2019-03-05T23:00:00.000Z","comment":"Cria tendre\n+1/2 alça","createdAt":"2019-03-07T08:07:02.568Z"},{"_typeName":"Visit","id":"cjsycm72201rv09712hpsy48e","updatedAt":"2019-03-07T08:07:44.185Z","date":"2019-03-05T23:00:00.000Z","comment":"+1/2 alça","createdAt":"2019-03-07T08:07:44.185Z"},{"_typeName":"Visit","id":"cjsycn4ip01sd0971qsd6kmjx","updatedAt":"2019-03-07T08:08:27.553Z","date":"2019-03-05T23:00:00.000Z","comment":"blanquejen\n+1/2 alça","createdAt":"2019-03-07T08:08:27.553Z"},{"_typeName":"Visit","id":"cjsycnm0a01sw0971lvhirv6q","updatedAt":"2019-03-07T08:08:50.217Z","date":"2019-03-05T23:00:00.000Z","comment":"+1/2 alça","createdAt":"2019-03-07T08:08:50.217Z"},{"_typeName":"Visit","id":"cjsyco6s701td09713xvee8of","updatedAt":"2019-03-07T08:09:35.763Z","frames":10,"date":"2019-03-05T23:00:00.000Z","comment":"+1/2 alça","createdAt":"2019-03-07T08:09:17.143Z"},{"_typeName":"Visit","id":"cjt39nnyc001308438ko7xjzo","weight":21,"updatedAt":"2019-10-27T17:00:10.486Z","blocks":"cec","date":"2019-03-09T23:00:00.000Z","comment":"+1QB (4)\n-1QCM(tallat)----->1802","createdAt":"2019-03-10T18:43:44.741Z"},{"_typeName":"Visit","id":"cjt39ta6y002l0843qfui63i7","weight":18,"updatedAt":"2019-03-10T18:48:06.873Z","date":"2019-03-09T23:00:00.000Z","comment":"+1QB (3)\n+1QCM (2)(1801)","createdAt":"2019-03-10T18:48:06.873Z"},{"_typeName":"Visit","id":"cjt44jpkk0033084334bg4m84","weight":20,"updatedAt":"2019-03-11T09:08:28.339Z","date":"2019-03-09T23:00:00.000Z","comment":"QB(1)---->(3 )entre la cria\nCria compacte\n- alimentador","createdAt":"2019-03-11T09:08:28.339Z"},{"_typeName":"Visit","id":"cjt44migr003l0843xnhg6p8a","weight":20,"updatedAt":"2019-03-11T09:10:39.098Z","date":"2019-03-09T23:00:00.000Z","comment":"QB(1)---->(2)","createdAt":"2019-03-11T09:10:39.098Z"},{"_typeName":"Visit","id":"cjt44qm7k00440843thizz3uv","weight":23,"updatedAt":"2019-03-11T09:13:50.576Z","date":"2019-03-09T23:00:00.000Z","comment":"- 3QC\n-1QCM\ncanvi UBI (suposem Reina)","createdAt":"2019-03-11T09:13:50.576Z"},{"_typeName":"Visit","id":"cjt44s8i9004s0843yuscq81q","weight":20,"updatedAt":"2019-03-11T09:15:06.129Z","date":"2019-03-09T23:00:00.000Z","comment":"","createdAt":"2019-03-11T09:15:06.129Z"},{"_typeName":"Visit","id":"cjt44wpdr005a0843hyjr3qp6","weight":17,"updatedAt":"2019-04-07T17:10:00.457Z","date":"2019-03-02T23:00:00.000Z","comment":"cria algo saltejada \ncria tendre\nQuadres no coberts d'abelles","createdAt":"2019-03-11T09:18:34.623Z"},{"_typeName":"Visit","id":"cjt44zl4q005s084344v8fqxi","weight":17,"updatedAt":"2019-03-11T09:20:49.082Z","breedFrames":2,"date":"2019-03-09T23:00:00.000Z","feedingKg":1,"comment":"- 1QB (rediuit)\ncria saltejada\n","createdAt":"2019-03-11T09:20:49.082Z"},{"_typeName":"Visit","id":"cjt454epv006l08438rne5fcy","weight":17,"updatedAt":"2019-03-11T09:39:02.822Z","frames":3,"breedFrames":3,"date":"2019-02-24T23:00:00.000Z","feedingKg":1,"comment":"Cria compacte\nniu de cria petit i a la punta","createdAt":"2019-03-11T09:24:34.049Z"},{"_typeName":"Visit","id":"cjt456an200710843wrqlp28k","weight":18,"updatedAt":"2019-03-11T09:26:02.078Z","breedFrames":2,"date":"2019-03-09T23:00:00.000Z","feedingKg":1,"comment":"- 4QB (reduit)\ncria compacte","createdAt":"2019-03-11T09:26:02.078Z"},{"_typeName":"Visit","id":"cjt458jvo007f0843o9xpkbwa","weight":14,"updatedAt":"2019-03-11T09:27:47.364Z","breedFrames":2,"date":"2019-03-09T23:00:00.000Z","feedingKg":1,"comment":"mal brescat. No es poden treure Q","createdAt":"2019-03-11T09:27:47.364Z"},{"_typeName":"Visit","id":"cjt45evec00880843b9z3r8ya","weight":18,"updatedAt":"2019-05-06T08:18:05.365Z","date":"2019-03-09T23:00:00.000Z","comment":"Origen Lluis guixà No R\n- 1Q ab castells ----->1902 nucli cartró","createdAt":"2019-03-11T09:32:42.228Z"},{"_typeName":"Visit","id":"cjt5pillw00cm08433fmfxzg4","updatedAt":"2019-03-13T11:13:30.636Z","date":"2019-03-11T23:00:00.000Z","comment":"cria poc compacte\nomplen de mel entre la cria. hi ha cria tendre\n+ A  \n+QA (5)(1819) amb mel i possiblement ous\n","createdAt":"2019-03-12T11:43:14.660Z"},{"_typeName":"Visit","id":"cjt5putqm00d50843hb9m9404","updatedAt":"2019-03-13T11:13:08.288Z","date":"2019-03-11T23:00:00.000Z","comment":"- QA amb mel i ous ----->1816\n+QA per estirar (per donar temps)","createdAt":"2019-03-12T11:52:45.070Z"},{"_typeName":"Visit","id":"cjt5pxx7h00ds0843anq3ss94","updatedAt":"2019-03-13T11:12:51.883Z","date":"2019-03-11T23:00:00.000Z","comment":"- 1QC ---->1903\n+1QLamina (2)","createdAt":"2019-03-12T11:55:09.532Z"},{"_typeName":"Visit","id":"cjt9vuh53002e0928cm5uyyja","updatedAt":"2019-10-27T17:00:19.989Z","blocks":"cecc","date":"2019-03-14T23:00:00.000Z","comment":"+Alça QB (a baix)","createdAt":"2019-03-15T09:51:31.126Z"},{"_typeName":"Visit","id":"cjt9vvnni002x0928ycwn0mdd","updatedAt":"2019-03-15T09:52:26.238Z","date":"2019-03-14T23:00:00.000Z","comment":"+Alça QB (a baix)","createdAt":"2019-03-15T09:52:26.238Z"},{"_typeName":"Visit","id":"cjtd6z3dr00p40928zpluzir6","updatedAt":"2019-03-17T17:26:20.895Z","date":"2019-03-16T23:00:00.000Z","comment":"Cria compacte\nCria tendre\n+1/2Alça (sense excluidor)","createdAt":"2019-03-17T17:26:20.895Z"},{"_typeName":"Visit","id":"cjtd74o4700pp0928r4trqlxs","updatedAt":"2019-03-17T17:30:41.046Z","date":"2019-03-16T23:00:00.000Z","comment":"+ 1QC(1805)\n-Q mel\nNo Reina\n","createdAt":"2019-03-17T17:30:41.046Z"},{"_typeName":"Visit","id":"cjtd77f8600qe0928e0yy1htv","updatedAt":"2019-05-21T06:34:35.734Z","blocks":"a","date":"2019-03-16T23:00:00.000Z","comment":"- QC (complert operculada)\n+ QL per afluixar\n+1/2Alça (sense excluidor)","createdAt":"2019-03-17T17:32:49.494Z"},{"_typeName":"Visit","id":"cjtd78gnj00qz0928h0ktj6ku","updatedAt":"2019-03-17T17:33:37.999Z","date":"2019-03-16T23:00:00.000Z","comment":"Cria tendre\n","createdAt":"2019-03-17T17:33:37.999Z"},{"_typeName":"Visit","id":"cjtd7ebpm00rk0928ecxw5tod","updatedAt":"2019-03-17T17:38:11.529Z","date":"2019-03-16T23:00:00.000Z","comment":" Hi ha QC (10) el (9) no es QC (curios)\n+Alça abaix (QB +QL)\n+ Excluidor","createdAt":"2019-03-17T17:38:11.529Z"},{"_typeName":"Visit","id":"cjtd7gacq00s909288ukqddu4","updatedAt":"2019-03-17T17:39:43.082Z","date":"2019-03-16T23:00:00.000Z","comment":"+Q mel (1803)\n2 castells no nats","createdAt":"2019-03-17T17:39:43.082Z"},{"_typeName":"Visit","id":"cjte7iqfs00to09289lqlo86c","updatedAt":"2019-03-18T10:29:23.416Z","date":"2019-03-17T23:00:00.000Z","comment":"1/2 alça.QL(1)---->(4)\n","createdAt":"2019-03-18T10:29:23.416Z"},{"_typeName":"Visit","id":"cjte7k69m00u90928owq9ewz3","updatedAt":"2019-03-18T10:30:30.586Z","date":"2019-03-17T23:00:00.000Z","comment":"1/2 alça bastant plena","createdAt":"2019-03-18T10:30:30.586Z"},{"_typeName":"Visit","id":"cjte7nji500uu0928w5i1kdop","updatedAt":"2019-03-18T10:33:07.709Z","date":"2019-03-17T23:00:00.000Z","comment":"+ 1/2 alça laminada. (sota 1/2 alça anterior)\n- 1QCM\n+ 1QCL(3). Per afluixar el niu","createdAt":"2019-03-18T10:33:07.709Z"},{"_typeName":"Visit","id":"cjte7vtza00vf0928apkewuf2","updatedAt":"2019-03-18T10:39:34.534Z","date":"2019-03-17T23:00:00.000Z","comment":"Semicastells escapats ( a dalt de un quadre)\nCria tendre\n+ Alça amb 1QC (cos cria)+1QCM(1819)+2QB\n","createdAt":"2019-03-18T10:39:34.534Z"},{"_typeName":"Visit","id":"cjte7wkbl00w00928kj649xyx","updatedAt":"2019-03-18T10:40:08.624Z","date":"2019-03-17T23:00:00.000Z","comment":"castells per neixer","createdAt":"2019-03-18T10:40:08.624Z"},{"_typeName":"Visit","id":"cjtln47bn001l0946n3znguxi","updatedAt":"2019-03-23T15:20:22.546Z","date":"2019-03-21T23:00:00.000Z","comment":"no veig cria tendre al cos de cria\nno castells\n+ 1/2 alça(lamina)","createdAt":"2019-03-23T15:20:22.546Z"},{"_typeName":"Visit","id":"cjtln7y1v002a09464vns0wjr","updatedAt":"2019-03-23T15:23:17.154Z","date":"2019-03-21T23:00:00.000Z","comment":"+1/2 alça (lamina)\ncria tendre","createdAt":"2019-03-23T15:23:17.154Z"},{"_typeName":"Visit","id":"cjtlnc7y5002t0946lxzhkz8k","updatedAt":"2019-03-23T15:26:36.604Z","date":"2019-03-21T23:00:00.000Z","comment":"+ alça (lamina) sota 1/2 alça \npujo 1Q mel a l'alça (10)\ncria tendre\n","createdAt":"2019-03-23T15:26:36.604Z"},{"_typeName":"Visit","id":"cjtlnesq6003e09465ha10vue","updatedAt":"2019-04-07T12:04:04.945Z","date":"2019-03-21T23:00:00.000Z","comment":"no veig cria tendre al cos cria\nno castells\n+ alça\npujo 3QC a l'alça","createdAt":"2019-03-23T15:28:36.846Z"},{"_typeName":"Visit","id":"cjtlng8te003z0946fkwk8j81","updatedAt":"2019-03-23T15:29:44.354Z","date":"2019-03-21T23:00:00.000Z","comment":"cria tendre","createdAt":"2019-03-23T15:29:44.354Z"},{"_typeName":"Visit","id":"cjtlnl52a004k09463ycgulsu","updatedAt":"2019-05-19T11:52:22.223Z","date":"2019-03-21T23:00:00.000Z","comment":"- 3QC (cria tendre i castells)----->1904\n+3QL\n- 2 (1/2 alça) \ncanvi posició","createdAt":"2019-03-23T15:33:32.769Z"},{"_typeName":"Visit","id":"cjtlns9c900720946ptdor02u","updatedAt":"2019-03-23T15:39:04.904Z","date":"2019-03-21T23:00:00.000Z","comment":"+ 6QL a l'alça","createdAt":"2019-03-23T15:39:04.904Z"},{"_typeName":"Visit","id":"cjtlntlyd007n0946uovk8v53","updatedAt":"2019-03-23T15:40:07.909Z","date":"2019-03-21T23:00:00.000Z","comment":"+ 4QL per omplir la caixa","createdAt":"2019-03-23T15:40:07.909Z"},{"_typeName":"Visit","id":"cjtna5zab008f0946p6r1s5fk","updatedAt":"2019-03-24T18:53:22.749Z","date":"2019-03-22T23:00:00.000Z","comment":"cria tendre\n-1QC------->(1902)\n+3QL(2,3,4)","createdAt":"2019-03-24T18:53:22.749Z"},{"_typeName":"Visit","id":"cjtna9ff600900946b2i0jpgx","updatedAt":"2019-03-24T18:56:03.665Z","date":"2019-03-22T23:00:00.000Z","comment":"blanquejen\n+ alça \n2QC  a l'alça\n2QL ---->CC (5,6) ","createdAt":"2019-03-24T18:56:03.665Z"},{"_typeName":"Visit","id":"cjtnaafn9009k094684v4ohe7","updatedAt":"2019-03-24T18:56:50.613Z","breedFrames":2,"date":"2019-03-22T23:00:00.000Z","comment":"cria tendre bastant compacte","createdAt":"2019-03-24T18:56:50.613Z"},{"_typeName":"Visit","id":"cjtnacufv00a40946lp8d8a9g","updatedAt":"2019-03-24T18:58:43.099Z","breedFrames":4,"date":"2019-03-22T23:00:00.000Z","comment":"+1QB(5)\ncria alternada\n+2 tires varroa","createdAt":"2019-03-24T18:58:43.099Z"},{"_typeName":"Visit","id":"cjtnaehvr00ap0946yye5s1bj","updatedAt":"2019-03-24T19:00:00.135Z","date":"2019-03-22T23:00:00.000Z","comment":"cria tendre\nbaixa població\nredueixo a 5Q","createdAt":"2019-03-24T19:00:00.135Z"},{"_typeName":"Visit","id":"cjtnagt5100b90946hkkliv0d","updatedAt":"2019-10-27T13:09:04.717Z","blocks":"c","date":"2019-03-22T23:00:00.000Z","comment":"no castells\n+1Qc(1804)\ncanvi caixa \n+4QL","createdAt":"2019-03-24T19:01:48.036Z"},{"_typeName":"Visit","id":"cjttyqfyw00fu0946z91v0s8v","updatedAt":"2019-04-27T18:05:24.121Z","blocks":"12","date":"2019-03-27T23:00:00.000Z","comment":"+excluidor\n","createdAt":"2019-03-29T11:07:45.367Z"},{"_typeName":"Visit","id":"cjttystqs00gf0946vin80t6t","updatedAt":"2019-04-22T19:09:00.122Z","date":"2019-03-27T23:00:00.000Z","comment":"cria tendre. reina a dalt\nblanquejen el QL","createdAt":"2019-03-29T11:09:36.532Z"},{"_typeName":"Visit","id":"cjttyupxs00h009467cvdmakq","updatedAt":"2019-05-21T06:41:50.775Z","blocks":"ca","date":"2019-03-27T23:00:00.000Z","comment":"cria a 1/2 alça\nQuasi complesta, no operculada\n+excluidor","createdAt":"2019-03-29T11:11:04.911Z"},{"_typeName":"Visit","id":"cjttyw1ob00hl0946vmurudw1","updatedAt":"2019-03-29T11:12:06.779Z","date":"2019-03-27T23:00:00.000Z","comment":"cria tendre algo saltejada\nno blanquejen","createdAt":"2019-03-29T11:12:06.779Z"},{"_typeName":"Visit","id":"cjttyyrqj00i609468s0nw6fe","updatedAt":"2019-03-29T11:14:13.867Z","date":"2019-03-27T23:00:00.000Z","comment":"cria trendre\nalça a baix bastant plena. poc operculada","createdAt":"2019-03-29T11:14:13.867Z"},{"_typeName":"Visit","id":"cjttyzsty00ir0946yr5rd8ri","updatedAt":"2019-03-29T11:15:01.942Z","date":"2019-03-27T23:00:00.000Z","comment":"cria a l'alça","createdAt":"2019-03-29T11:15:01.942Z"},{"_typeName":"Visit","id":"cjttz2nqm00jw0946k513xsmj","updatedAt":"2019-03-29T11:17:15.310Z","date":"2019-03-27T23:00:00.000Z","comment":"no cria \nno blanquejen","createdAt":"2019-03-29T11:17:15.310Z"},{"_typeName":"Visit","id":"cjttzd57c00l70946ujx4kb8h","updatedAt":"2019-03-29T11:25:24.504Z","date":"2019-03-27T23:00:00.000Z","comment":"no cria \nQ amb mel","createdAt":"2019-03-29T11:25:24.504Z"},{"_typeName":"Visit","id":"cjttzfoib00ls0946526xosrz","updatedAt":"2019-03-29T11:27:22.835Z","date":"2019-03-28T23:00:00.000Z","comment":"pujen a 2ª 1/2 alça\n1ª 1/2 alçça quasi plena amb cria\n","createdAt":"2019-03-29T11:27:22.835Z"},{"_typeName":"Visit","id":"cjttzhltg00md0946poyfu4yb","updatedAt":"2019-03-29T11:28:52.660Z","date":"2019-03-28T23:00:00.000Z","comment":"1/2 alça quasi plena\nbresquen l'altre 1/2 alça\nno castells","createdAt":"2019-03-29T11:28:52.660Z"},{"_typeName":"Visit","id":"cjttzit4800my0946nl3mnhe9","updatedAt":"2019-03-29T11:29:48.776Z","date":"2019-03-28T23:00:00.000Z","comment":"1/2 alça  amb cria quasi plena\nbresquen alça","createdAt":"2019-03-29T11:29:48.776Z"},{"_typeName":"Visit","id":"cjttzjkbi00nj0946iflnsygs","updatedAt":"2019-03-29T11:30:24.030Z","date":"2019-03-28T23:00:00.000Z","comment":"1/2 alça quasi plena\nbresquen alça","createdAt":"2019-03-29T11:30:24.030Z"},{"_typeName":"Visit","id":"cjttzmebm00o409460jczgskq","updatedAt":"2019-03-29T11:32:36.226Z","date":"2019-03-28T23:00:00.000Z","comment":"1/2 alça amb cria. no castells\n+alça sota 1/2 alça","createdAt":"2019-03-29T11:32:36.226Z"},{"_typeName":"Visit","id":"cjttzoe4d00oo0946qpahre88","updatedAt":"2019-05-05T13:22:28.022Z","date":"2019-03-28T23:00:00.000Z","comment":"castells\n-1Qcastells ----->(1905)\n","createdAt":"2019-03-29T11:34:09.277Z"},{"_typeName":"Visit","id":"cjttzs8mt00pm0946rthndqxb","updatedAt":"2019-03-29T11:37:08.789Z","date":"2019-03-28T23:00:00.000Z","comment":"-1QC tendre(poca i al cap d'avall del Q)----->1905\nbaresquen l'alça","createdAt":"2019-03-29T11:37:08.789Z"},{"_typeName":"Visit","id":"cjttzv9iz00q70946iafwo1m4","updatedAt":"2019-03-29T11:39:29.915Z","date":"2019-03-28T23:00:00.000Z","comment":"1/2 alça quasi plena amb castells\nseparo 1/2 alça ---->al costat a una caixa buida","createdAt":"2019-03-29T11:39:29.915Z"},{"_typeName":"Visit","id":"cjtx9f73w011j0946dsjp3obc","updatedAt":"2019-05-06T08:20:11.507Z","date":"2019-03-28T23:00:00.000Z","comment":"Cria tendre\n","createdAt":"2019-03-31T18:30:14.972Z"},{"_typeName":"Visit","id":"cju2fwuu2000e0911905qf9pg","updatedAt":"2019-04-04T09:30:47.425Z","date":"2019-04-02T22:00:00.000Z","comment":"+ alça a sota (lamina)","createdAt":"2019-04-04T09:30:47.425Z"},{"_typeName":"Visit","id":"cju2fydjo000z0911lmsvsb22","updatedAt":"2019-04-04T09:31:58.355Z","date":"2019-04-02T22:00:00.000Z","comment":"+ alça (3QL +Q)","createdAt":"2019-04-04T09:31:58.355Z"},{"_typeName":"Visit","id":"cju2fzq9s001k0911m8kbzjeq","updatedAt":"2019-10-27T13:09:01.306Z","blocks":"c","date":"2019-04-02T22:00:00.000Z","comment":"No cria .\n1 castell no nat","createdAt":"2019-04-04T09:33:01.504Z"},{"_typeName":"Visit","id":"cju2g0l1r00250911ltq6btcg","updatedAt":"2019-04-04T09:33:41.391Z","date":"2019-04-02T22:00:00.000Z","comment":"No cria","createdAt":"2019-04-04T09:33:41.391Z"},{"_typeName":"Visit","id":"cju6voz3n003j0911shux6cwi","updatedAt":"2019-04-07T12:04:41.806Z","date":"2019-04-06T22:00:00.000Z","comment":"1/2 alça plena\nbresquen  alça a baix. (no cria)","createdAt":"2019-04-07T12:03:38.241Z"},{"_typeName":"Visit","id":"cju6vskl7004e0911pxlm2pvg","updatedAt":"2019-04-07T12:06:26.106Z","date":"2019-04-06T22:00:00.000Z","comment":"no cria tendre","createdAt":"2019-04-07T12:06:26.106Z"},{"_typeName":"Visit","id":"cju6vuklx00520911qzlr05s4","updatedAt":"2019-04-07T12:07:59.445Z","date":"2019-04-06T22:00:00.000Z","comment":"no cria tendre\nbresquen","createdAt":"2019-04-07T12:07:59.445Z"},{"_typeName":"Visit","id":"cju6vw7h5005n0911nhzirgpn","updatedAt":"2019-04-07T12:09:15.736Z","date":"2019-04-06T22:00:00.000Z","comment":"no cria tendre\nbresquen\ncastells","createdAt":"2019-04-07T12:09:15.736Z"},{"_typeName":"Visit","id":"cju6vy4cg00670911na54g5j2","updatedAt":"2019-04-07T12:10:44.991Z","date":"2019-04-06T22:00:00.000Z","comment":"cria operculada","createdAt":"2019-04-07T12:10:44.991Z"},{"_typeName":"Visit","id":"cju76k33b009h0911yjg6162v","updatedAt":"2019-04-07T17:09:37.548Z","date":"2019-03-09T23:00:00.000Z","comment":"+ 2QB (7, 8)\nblanquejen\ncria compacte","createdAt":"2019-04-07T17:07:45.959Z"},{"_typeName":"Visit","id":"cju9pnb4o00bv0911ewyj8d6k","updatedAt":"2019-10-27T17:00:29.060Z","blocks":"cec","date":"2019-04-08T22:00:00.000Z","comment":"- excluidor\n+ alça QL a baix. \ncria al mig\n","extractedKg":14,"createdAt":"2019-04-09T11:37:41.397Z"},{"_typeName":"Visit","id":"cju9pqq5700cf0911yuh4spzw","updatedAt":"2019-04-09T11:40:20.827Z","date":"2019-04-08T22:00:00.000Z","comment":"no reina (ha desaparegut am excluidor)\nseparo alça ---->1908\nqueda al lloc ----->1809","createdAt":"2019-04-09T11:40:20.827Z"},{"_typeName":"Visit","id":"cjucgjzpb00cz0911kt0sl24j","updatedAt":"2019-04-11T09:49:45.245Z","date":"2019-04-09T22:00:00.000Z","extractedKg":4,"createdAt":"2019-04-11T09:46:28.484Z"},{"_typeName":"Visit","id":"cjucgmnc400ds09111z4j2ayy","updatedAt":"2019-04-11T09:48:32.547Z","date":"2019-04-09T22:00:00.000Z","extractedKg":3,"createdAt":"2019-04-11T09:48:32.547Z"},{"_typeName":"Visit","id":"cjucgqu7900g70911gvm2d7so","updatedAt":"2019-04-11T09:51:48.069Z","date":"2019-04-09T22:00:00.000Z","comment":"","extractedKg":1,"createdAt":"2019-04-11T09:51:48.069Z"},{"_typeName":"Visit","id":"cjufrocz400140993l9d6f3n8","updatedAt":"2019-10-27T17:00:49.054Z","blocks":"cecc","date":"2019-04-12T22:00:00.000Z","extractedKg":1,"createdAt":"2019-04-13T17:21:06.703Z"},{"_typeName":"Visit","id":"cjufroz50001o0993j4quqea1","updatedAt":"2019-04-13T17:21:35.460Z","date":"2019-04-12T22:00:00.000Z","extractedKg":1,"createdAt":"2019-04-13T17:21:35.460Z"},{"_typeName":"Visit","id":"cjufrqjiq002h0993lcozockg","updatedAt":"2019-04-13T17:22:48.529Z","date":"2019-04-12T22:00:00.000Z","extractedKg":1,"createdAt":"2019-04-13T17:22:48.529Z"},{"_typeName":"Visit","id":"cjugwxm1m003p0993utrvb4ws","updatedAt":"2019-04-14T12:36:02.649Z","date":"2019-04-13T22:00:00.000Z","comment":"","extractedKg":3,"createdAt":"2019-04-14T12:36:02.649Z"},{"_typeName":"Visit","id":"cjugwzd12004a0993qoqwr991","updatedAt":"2019-04-14T12:37:24.278Z","date":"2019-04-13T22:00:00.000Z","comment":"cria tendre","createdAt":"2019-04-14T12:37:24.278Z"},{"_typeName":"Visit","id":"cjuxlw7oz01f40918uijoy4tp","updatedAt":"2019-04-26T04:59:06.364Z","breedFrames":1,"date":"2019-04-24T22:00:00.000Z","comment":"Nomès 1QC saltejada","createdAt":"2019-04-26T04:59:06.364Z"},{"_typeName":"Visit","id":"cjuxmrukh01gf0918m9wt0by0","updatedAt":"2019-10-27T17:00:40.454Z","blocks":"cc","date":"2019-04-19T22:00:00.000Z","comment":"","extractedKg":12,"createdAt":"2019-04-26T05:23:42.589Z"},{"_typeName":"Visit","id":"cjuxmt4ll01h00918499u23vp","updatedAt":"2019-04-27T18:18:40.598Z","blocks":"012","date":"2019-04-19T22:00:00.000Z","comment":"","extractedKg":12,"createdAt":"2019-04-26T05:24:42.222Z"},{"_typeName":"Visit","id":"cjuxmuflq01hl09183ry70q9x","updatedAt":"2019-04-26T05:25:43.166Z","date":"2019-04-19T22:00:00.000Z","comment":"alça sota no brescada","extractedKg":3,"createdAt":"2019-04-26T05:25:43.166Z"},{"_typeName":"Visit","id":"cjuxmvic701i60918vblnoioq","updatedAt":"2019-04-26T05:26:33.367Z","date":"2019-04-19T22:00:00.000Z","comment":"","extractedKg":2,"createdAt":"2019-04-26T05:26:33.367Z"},{"_typeName":"Visit","id":"cjuxmwia401ir0918jpw9360g","updatedAt":"2019-05-21T06:45:22.025Z","blocks":"","date":"2019-04-19T22:00:00.000Z","extractedKg":23,"createdAt":"2019-04-26T05:27:19.948Z"},{"_typeName":"Visit","id":"cjuxmxb0z01ja09189xucysdk","updatedAt":"2019-04-27T17:49:05.549Z","date":"2019-04-19T22:00:00.000Z","extractedKg":1,"createdAt":"2019-04-26T05:27:57.203Z"},{"_typeName":"Visit","id":"cjuxmyl2n01jv0918kro4uuru","updatedAt":"2019-04-26T05:28:56.879Z","date":"2019-04-19T22:00:00.000Z","comment":"cria a dalt","extractedKg":20,"createdAt":"2019-04-26T05:28:56.879Z"},{"_typeName":"Visit","id":"cjuxn0cn601ki0918926my0sz","updatedAt":"2019-04-26T05:30:19.266Z","date":"2019-04-19T22:00:00.000Z","comment":"poca cria","extractedKg":14,"createdAt":"2019-04-26T05:30:19.266Z"},{"_typeName":"Visit","id":"cjuxn4iph01l30918ox1uk6i5","updatedAt":"2019-04-26T05:33:33.749Z","date":"2019-04-19T22:00:00.000Z","comment":"cria algo saltejada\n+alça amb QBMelextraccio","createdAt":"2019-04-26T05:33:33.749Z"},{"_typeName":"Visit","id":"cjuxn5l8901lo0918mhqltw5l","updatedAt":"2019-04-26T05:34:23.673Z","date":"2019-04-19T22:00:00.000Z","comment":"Eliminada","createdAt":"2019-04-26T05:34:23.673Z"},{"_typeName":"Visit","id":"cjuxn6tj501m90918wovkscxa","updatedAt":"2019-04-26T05:35:21.089Z","date":"2019-04-19T22:00:00.000Z","comment":"Caria saltejada","createdAt":"2019-04-26T05:35:21.089Z"},{"_typeName":"Visit","id":"cjuxn7l9o01mu09187yholg6g","updatedAt":"2019-05-25T15:45:14.272Z","blocks":"ca","date":"2019-04-19T22:00:00.000Z","comment":"Eliminada","createdAt":"2019-04-26T05:35:57.035Z"},{"_typeName":"Visit","id":"cjuxnc27r01ns0918q0c5enmh","updatedAt":"2019-05-12T17:32:06.293Z","blocks":"ca","date":"2019-04-19T22:00:00.000Z","comment":"","extractedKg":1,"createdAt":"2019-04-26T05:39:25.622Z"},{"_typeName":"Visit","id":"cjuxncyla01od0918dzjszp3k","updatedAt":"2019-04-26T05:40:07.581Z","date":"2019-04-19T22:00:00.000Z","comment":"Cria tendre","createdAt":"2019-04-26T05:40:07.581Z"},{"_typeName":"Visit","id":"cjuxnn66801q20918enta9gwp","updatedAt":"2019-04-26T05:48:03.956Z","date":"2019-04-19T22:00:00.000Z","comment":"no cria","createdAt":"2019-04-26T05:48:03.956Z"},{"_typeName":"Visit","id":"cjuxnoajs01qn0918rcp7lt6r","updatedAt":"2019-04-26T05:48:56.296Z","date":"2019-04-19T22:00:00.000Z","comment":"no cria\n-4Q","extractedKg":1,"createdAt":"2019-04-26T05:48:56.296Z"},{"_typeName":"Visit","id":"cjv3o8fn102by0918fmhm0k87","updatedAt":"2019-04-30T10:51:12.981Z","blocks":"011","date":"2019-04-29T22:00:00.000Z","comment":"","extractedKg":10,"createdAt":"2019-04-30T10:51:12.981Z"},{"_typeName":"Visit","id":"cjv3o9one02ck091825jhngrb","updatedAt":"2019-04-30T10:52:11.402Z","date":"2019-04-29T22:00:00.000Z","extractedKg":10,"createdAt":"2019-04-30T10:52:11.402Z"},{"_typeName":"Visit","id":"cjv3obmxx02d50918tws7vizm","updatedAt":"2019-04-30T10:53:42.501Z","blocks":"00","date":"2019-04-29T22:00:00.000Z","extractedKg":10,"createdAt":"2019-04-30T10:53:42.501Z"},{"_typeName":"Visit","id":"cjv3ocrvp02dq0918m34wuhnn","updatedAt":"2019-04-30T10:54:35.556Z","blocks":"0","date":"2019-04-29T22:00:00.000Z","extractedKg":8,"createdAt":"2019-04-30T10:54:35.556Z"},{"_typeName":"Visit","id":"cjv3odr4k02ea0918d2j2i9wl","updatedAt":"2019-04-30T10:55:21.236Z","blocks":"00","date":"2019-04-29T22:00:00.000Z","extractedKg":15,"createdAt":"2019-04-30T10:55:21.236Z"},{"_typeName":"Visit","id":"cjvazdbr7003w0977j86eisxp","updatedAt":"2019-05-05T13:37:51.348Z","blocks":"1","date":"2019-05-02T22:00:00.000Z","comment":"Cria tendre","extractedKg":5,"createdAt":"2019-05-05T13:37:20.322Z"},{"_typeName":"Visit","id":"cjvazj0qq005209776nandqr5","updatedAt":"2019-05-26T16:32:05.923Z","blocks":"caa","date":"2019-05-02T22:00:00.000Z","extractedKg":10,"createdAt":"2019-05-05T13:41:45.985Z"},{"_typeName":"Visit","id":"cjvazkq0g005o0977r2swq22s","updatedAt":"2019-05-05T13:43:51.100Z","blocks":"01","date":"2019-05-02T22:00:00.000Z","comment":"","extractedKg":1,"createdAt":"2019-05-05T13:43:05.392Z"},{"_typeName":"Visit","id":"cjvazmwv3006c0977yebw9w5o","updatedAt":"2019-05-05T13:44:47.582Z","blocks":"000","date":"2019-05-02T22:00:00.000Z","extractedKg":3,"createdAt":"2019-05-05T13:44:47.582Z"},{"_typeName":"Visit","id":"cjvs2oalk000e0996y2sub4j2","updatedAt":"2019-05-17T12:41:55.855Z","blocks":"cc","date":"2019-05-14T22:00:00.000Z","comment":"cria a l'alça","createdAt":"2019-05-17T12:41:55.855Z"},{"_typeName":"Visit","id":"cjvs2plp9001009968ny5x1vg","updatedAt":"2019-05-17T12:42:56.923Z","blocks":"cea","date":"2019-05-14T22:00:00.000Z","comment":"omplen 1/2 alça","createdAt":"2019-05-17T12:42:56.923Z"},{"_typeName":"Visit","id":"cjvs2skq7001l09962e9yhcm5","updatedAt":"2019-05-25T15:33:40.985Z","blocks":"cc","date":"2019-05-14T22:00:00.000Z","comment":"cria a l'alça\ncc buit","createdAt":"2019-05-17T12:45:15.631Z"},{"_typeName":"Visit","id":"cjvs2ukcu00270996rmiu2rko","updatedAt":"2019-05-17T12:46:48.462Z","blocks":"ccec","date":"2019-05-14T22:00:00.000Z","comment":"baixo QC a 2ª alça","createdAt":"2019-05-17T12:46:48.462Z"},{"_typeName":"Visit","id":"cjvs2xeik002t0996kbqt1sod","updatedAt":"2019-05-21T06:38:17.103Z","blocks":"c","date":"2019-05-14T22:00:00.000Z","comment":"cria a l'alça\ncc amb bastanta mel(no cria)","createdAt":"2019-05-17T12:49:00.860Z"},{"_typeName":"Visit","id":"cjvs306ly003p0996bn2hbu8k","updatedAt":"2019-05-17T12:51:10.582Z","blocks":"cc","date":"2019-05-14T22:00:00.000Z","comment":"CC ple a vessar\n+ Alça","createdAt":"2019-05-17T12:51:10.582Z"},{"_typeName":"Visit","id":"cjvs31qiy004b099653mwic4g","updatedAt":"2019-05-17T12:52:23.050Z","blocks":"cca","date":"2019-05-14T22:00:00.000Z","comment":"cria a l'alça\n+ 1/2 alça","createdAt":"2019-05-17T12:52:23.050Z"},{"_typeName":"Visit","id":"cjvs34hi8004w0996d0kjas2u","updatedAt":"2019-05-17T12:57:14.927Z","blocks":"c","breedFrames":4,"date":"2019-05-14T22:00:00.000Z","comment":"cria saltejada","createdAt":"2019-05-17T12:54:31.327Z"},{"_typeName":"Visit","id":"cjvs39rds006f09967jymo1qv","updatedAt":"2019-06-15T16:52:27.809Z","blocks":"ca","date":"2019-05-14T22:00:00.000Z","comment":"Mel a l'alça sobre la cria. no a CC\nPoll de guix?","createdAt":"2019-05-17T12:58:37.408Z"},{"_typeName":"Visit","id":"cjvs3f4i90070099624nrtf6k","updatedAt":"2019-05-17T13:02:47.697Z","blocks":"ca","breedFrames":5,"date":"2019-05-14T22:00:00.000Z","createdAt":"2019-05-17T13:02:47.697Z"},{"_typeName":"Visit","id":"cjvs3lb87008b0996k2yuhuw7","updatedAt":"2019-10-27T13:09:49.147Z","blocks":"c","date":"2019-05-14T22:00:00.000Z","comment":"","createdAt":"2019-05-17T13:07:36.342Z"},{"_typeName":"Visit","id":"cjvs3mx2n008x0996cwwf5vtj","updatedAt":"2019-05-17T13:09:13.497Z","breedFrames":3,"date":"2019-05-14T22:00:00.000Z","comment":"canvi de nucli a caixa","createdAt":"2019-05-17T13:08:51.311Z"},{"_typeName":"Visit","id":"cjvs3phn3009p09968kuzoxiw","updatedAt":"2019-05-17T13:10:51.278Z","blocks":"c","breedFrames":2,"date":"2019-05-14T22:00:00.000Z","comment":"cria algo saltejada","createdAt":"2019-05-17T13:10:51.278Z"},{"_typeName":"Visit","id":"cjvs3qsl500ab0996a7g8st5d","updatedAt":"2019-05-17T13:11:52.121Z","blocks":"c","breedFrames":3,"date":"2019-05-14T22:00:00.000Z","comment":"","createdAt":"2019-05-17T13:11:52.121Z"},{"_typeName":"Visit","id":"cjvs3s4cx00ay0996265lmwb2","updatedAt":"2019-05-17T13:12:54.032Z","blocks":"c","breedFrames":1,"date":"2019-05-14T22:00:00.000Z","comment":"Cria algo saltejada","createdAt":"2019-05-17T13:12:54.032Z"},{"_typeName":"Visit","id":"cjvuv94cm00cw09961leu6qos","updatedAt":"2019-05-19T11:37:29.157Z","blocks":"c","date":"2019-05-18T22:00:00.000Z","comment":"no cria","createdAt":"2019-05-19T11:37:29.157Z"},{"_typeName":"Visit","id":"cjvuvaq2400dh0996n4r0n9ki","updatedAt":"2019-05-19T11:38:43.948Z","blocks":"c","date":"2019-05-18T22:00:00.000Z","comment":"no cria","createdAt":"2019-05-19T11:38:43.948Z"},{"_typeName":"Visit","id":"cjvuvc47w00e20996oyifuqd9","updatedAt":"2019-07-07T17:13:19.323Z","blocks":"ca","date":"2019-05-18T22:00:00.000Z","comment":"mel a 1/2 alça \n---->1912","createdAt":"2019-05-19T11:39:48.956Z"},{"_typeName":"Visit","id":"cjvuve8av00er0996licvee0z","updatedAt":"2019-05-19T11:41:27.559Z","blocks":"cc","date":"2019-05-18T22:00:00.000Z","comment":"cria a l'alça","createdAt":"2019-05-19T11:41:27.559Z"},{"_typeName":"Visit","id":"cjvuvg6pe00fc0996hdhwjtju","updatedAt":"2019-05-19T11:42:58.802Z","blocks":"c","breedFrames":1,"date":"2019-05-18T22:00:00.000Z","comment":"acid lactic","createdAt":"2019-05-19T11:42:58.802Z"},{"_typeName":"Visit","id":"cjvuvir4n00g20996xowf0h7t","updatedAt":"2019-05-19T11:44:58.583Z","blocks":"c","breedFrames":3,"date":"2019-05-18T22:00:00.000Z","createdAt":"2019-05-19T11:44:58.583Z"},{"_typeName":"Visit","id":"cjvuvkcla00gm09964dglpsqi","updatedAt":"2019-05-19T11:46:13.053Z","blocks":"c","breedFrames":2,"date":"2019-05-18T22:00:00.000Z","comment":"a. lactic","createdAt":"2019-05-19T11:46:13.053Z"},{"_typeName":"Visit","id":"cjvuvlk0n00h60996vi5o0fqp","updatedAt":"2019-05-19T11:47:09.335Z","blocks":"c","breedFrames":3,"date":"2019-05-18T22:00:00.000Z","comment":"a. lactic","createdAt":"2019-05-19T11:47:09.335Z"},{"_typeName":"Visit","id":"cjwf4gupn00cu0894e2cqdjdr","updatedAt":"2019-06-02T15:50:49.944Z","blocks":"ca","date":"2019-06-01T22:00:00.000Z","comment":"mel a 1/2 alça","createdAt":"2019-06-02T15:50:49.944Z"},{"_typeName":"Visit","id":"cjwf4j8i600da0894lsqat293","updatedAt":"2019-06-02T15:52:41.166Z","blocks":"ccec","date":"2019-06-01T22:00:00.000Z","comment":"no cria tendre a alça\nbastanta mel a alça","createdAt":"2019-06-02T15:52:41.166Z"},{"_typeName":"Visit","id":"cjwf4knj600e6089425z73w3t","updatedAt":"2019-06-02T15:53:47.298Z","blocks":"cc","date":"2019-06-01T22:00:00.000Z","comment":"no mel a l'alça","createdAt":"2019-06-02T15:53:47.298Z"},{"_typeName":"Visit","id":"cjwf4lcyz00em0894o3rm56n2","updatedAt":"2019-06-02T15:54:20.266Z","blocks":"","date":"2019-06-01T22:00:00.000Z","comment":"omplen alça","createdAt":"2019-06-02T15:54:20.266Z"},{"_typeName":"Visit","id":"cjwf4ma9400f70894lzsbaah6","updatedAt":"2019-06-02T15:55:03.400Z","blocks":"","date":"2019-06-01T22:00:00.000Z","comment":"eliminada\n","createdAt":"2019-06-02T15:55:03.400Z"},{"_typeName":"Visit","id":"cjwf4ol4l00fs0894nrdr702u","updatedAt":"2019-06-02T15:57:14.225Z","blocks":"ca","date":"2019-06-01T22:00:00.000Z","comment":"omplen alça","createdAt":"2019-06-02T15:56:50.804Z"},{"_typeName":"Visit","id":"cjwf4rka100gn0894vjogdhrc","updatedAt":"2019-06-02T15:59:09.672Z","blocks":"c","breedFrames":4,"date":"2019-06-01T22:00:00.000Z","comment":"Q mel cristalitzada al costat de la cria","createdAt":"2019-06-02T15:59:09.672Z"},{"_typeName":"Visit","id":"cjwf4sppv00h708948o6khdtu","updatedAt":"2019-06-02T16:00:03.379Z","blocks":"c","date":"2019-06-01T22:00:00.000Z","comment":"cria algo saltejada","createdAt":"2019-06-02T16:00:03.379Z"},{"_typeName":"Visit","id":"cjwyrwlda003r0872w4dfavq2","updatedAt":"2019-06-16T09:56:41.745Z","blocks":"c","date":"2019-06-27T22:00:00.000Z","comment":"canvi de nucli a caixa ","createdAt":"2019-06-16T09:54:32.870Z"},{"_typeName":"Visit","id":"cjwysafmp0069087293cg22fs","updatedAt":"2019-06-16T10:05:18.624Z","blocks":"c","breedFrames":0,"date":"2019-05-27T22:00:00.000Z","comment":"plena mel romani","createdAt":"2019-06-16T10:05:18.624Z"},{"_typeName":"Visit","id":"cjwysbquy006v0872tyi7ypdk","updatedAt":"2019-06-16T10:06:19.833Z","blocks":"c","date":"2019-05-27T22:00:00.000Z","comment":"cria saltejada","createdAt":"2019-06-16T10:06:19.833Z"},{"_typeName":"Visit","id":"cjwyshxen007g0872yd2akxh0","updatedAt":"2019-06-16T10:11:08.255Z","blocks":"c","date":"2019-05-27T22:00:00.000Z","comment":"cria saltejada","createdAt":"2019-06-16T10:11:08.255Z"},{"_typeName":"Visit","id":"cjwysjcu500860872sk51s8kg","updatedAt":"2019-06-16T10:12:14.909Z","breedFrames":3,"date":"2019-05-27T22:00:00.000Z","comment":"","createdAt":"2019-06-16T10:12:14.909Z"},{"_typeName":"Visit","id":"cjx2qufta008v0872j0gd6lmb","updatedAt":"2019-06-19T04:35:57.453Z","blocks":"","breedFrames":2,"date":"2019-06-16T22:00:00.000Z","feedingKg":1,"comment":"molt pobre","createdAt":"2019-06-19T04:35:57.453Z"},{"_typeName":"Visit","id":"cjx2qx8sm009i0872fwf9idij","updatedAt":"2019-06-19T04:38:08.325Z","blocks":"c","date":"2019-06-16T22:00:00.000Z","feedingKg":1,"comment":"cria alternada\npoca població\n","createdAt":"2019-06-19T04:38:08.325Z"},{"_typeName":"Visit","id":"cjx2qyfeo00a308721wagmltv","updatedAt":"2019-06-19T04:39:03.551Z","blocks":"c","breedFrames":3,"date":"2019-06-16T22:00:00.000Z","comment":"","createdAt":"2019-06-19T04:39:03.551Z"},{"_typeName":"Visit","id":"cjx2r0z9e00an0872zygu2v87","updatedAt":"2019-06-19T04:41:02.594Z","blocks":"cc","breedFrames":7,"date":"2019-06-16T22:00:00.000Z","comment":"+ A\n","createdAt":"2019-06-19T04:41:02.594Z"},{"_typeName":"Visit","id":"cjx2r339y00b80872d39xex0s","updatedAt":"2019-06-19T04:42:41.110Z","blocks":"c","date":"2019-06-16T22:00:00.000Z","comment":"2Q per estirar\nbastant plena\n","createdAt":"2019-06-19T04:42:41.110Z"},{"_typeName":"Visit","id":"cjx2r7ylz00c60872iijzf13y","updatedAt":"2019-06-19T04:46:28.342Z","date":"2019-06-16T22:00:00.000Z","comment":"2Q per estirar","createdAt":"2019-06-19T04:46:28.342Z"},{"_typeName":"Visit","id":"cjx2rbl9500d40872pkhj5ub0","updatedAt":"2019-06-19T04:49:17.656Z","blocks":"c","date":"2019-06-16T22:00:00.000Z","feedingKg":1,"comment":"2Q per estirar\nastant plena","createdAt":"2019-06-19T04:49:17.656Z"},{"_typeName":"Visit","id":"cjx2rf1mp00e40872ekxdjbjb","updatedAt":"2019-06-19T04:52:29.084Z","blocks":"c","breedFrames":4,"date":"2019-06-16T22:00:00.000Z","feedingKg":1,"comment":"4Q\n","createdAt":"2019-06-19T04:51:58.848Z"},{"_typeName":"Visit","id":"cjx2rk1pl00fi08724fnugk0g","updatedAt":"2019-06-19T04:55:52.233Z","breedFrames":3,"date":"2019-06-16T22:00:00.000Z","comment":"+Q mel\ncria algo saltejada\n","createdAt":"2019-06-19T04:55:52.233Z"},{"_typeName":"Visit","id":"cjx2rl7al00gg0872366n6otz","updatedAt":"2019-06-19T04:56:46.124Z","blocks":"c","date":"2019-06-16T22:00:00.000Z","comment":"","createdAt":"2019-06-19T04:56:46.124Z"},{"_typeName":"Visit","id":"cjx2rnej400hj0872lwau31n4","updatedAt":"2019-06-19T04:58:28.815Z","blocks":"c","breedFrames":2,"date":"2019-06-16T22:00:00.000Z","comment":"","createdAt":"2019-06-19T04:58:28.815Z"},{"_typeName":"Visit","id":"cjx2rpwvr00iq0872skexfb07","updatedAt":"2019-06-19T05:00:25.911Z","blocks":"c","date":"2019-06-16T22:00:00.000Z","comment":"molt pobre","createdAt":"2019-06-19T05:00:25.911Z"},{"_typeName":"Visit","id":"cjxt6m70z000f0935o198dbly","updatedAt":"2019-07-07T16:39:27.231Z","blocks":"cc","date":"2019-07-06T22:00:00.000Z","comment":"cria a l'alça","createdAt":"2019-07-07T16:39:27.231Z"},{"_typeName":"Visit","id":"cjxt6nosp000y0935j54hoky3","updatedAt":"2019-07-07T16:40:36.936Z","blocks":"cea","date":"2019-07-06T22:00:00.000Z","comment":"1/2 alça bastant plena","createdAt":"2019-07-07T16:40:36.936Z"},{"_typeName":"Visit","id":"cjxt6osiv001j09355do6bpzo","updatedAt":"2019-07-07T16:41:28.419Z","blocks":"cc","date":"2019-07-06T22:00:00.000Z","comment":"cria a l'alça","createdAt":"2019-07-07T16:41:28.419Z"},{"_typeName":"Visit","id":"cjxt6qhds0024093521szdc2a","updatedAt":"2019-07-07T16:42:47.296Z","blocks":"ccec","date":"2019-07-06T22:00:00.000Z","comment":"Alça bastant plena","createdAt":"2019-07-07T16:42:47.296Z"},{"_typeName":"Visit","id":"cjxt6tbbt002x0935lzkwikb5","updatedAt":"2019-10-09T19:07:29.953Z","blocks":"ceac","date":"2019-07-06T22:00:00.000Z","comment":"surten per dalt\nalça bastant plena (c)","createdAt":"2019-07-07T16:44:59.417Z"},{"_typeName":"Visit","id":"cjxt6twlo003i09351ccovqx4","updatedAt":"2019-07-07T16:45:26.987Z","blocks":"cc","date":"2019-07-06T22:00:00.000Z","createdAt":"2019-07-07T16:45:26.987Z"},{"_typeName":"Visit","id":"cjxt6vyd500430935pjjxzpvl","updatedAt":"2019-07-07T16:47:02.585Z","blocks":"ccc","date":"2019-07-06T22:00:00.000Z","comment":"Mel fosca a l'alça","createdAt":"2019-07-07T16:47:02.585Z"},{"_typeName":"Visit","id":"cjxt6wy28004n0935jiglf53v","updatedAt":"2019-07-07T16:47:48.848Z","blocks":"cca","date":"2019-07-06T22:00:00.000Z","comment":"mel a 1/2 alça","createdAt":"2019-07-07T16:47:48.848Z"},{"_typeName":"Visit","id":"cjxt6zt2z005a0935o80176i4","updatedAt":"2019-07-07T16:50:02.363Z","blocks":"cc","breedFrames":1,"date":"2019-07-06T22:00:00.000Z","comment":"+Q mel a l'alça","createdAt":"2019-07-07T16:50:02.363Z"},{"_typeName":"Visit","id":"cjxt71h3p005v09355p9obbft","updatedAt":"2019-07-07T16:51:20.149Z","blocks":"ca","date":"2019-07-06T22:00:00.000Z","createdAt":"2019-07-07T16:51:20.149Z"},{"_typeName":"Visit","id":"cjxt7267i006f0935x5oij2px","updatedAt":"2019-07-07T16:51:52.686Z","blocks":"c","date":"2019-07-06T22:00:00.000Z","comment":"","createdAt":"2019-07-07T16:51:52.686Z"},{"_typeName":"Visit","id":"cjxt73sch00780935fnfaxc5y","updatedAt":"2019-07-07T16:53:08.032Z","blocks":"c","date":"2019-07-06T22:00:00.000Z","comment":"8Q","createdAt":"2019-07-07T16:53:08.032Z"},{"_typeName":"Visit","id":"cjxt74zsy007t0935z94tagv4","updatedAt":"2019-07-07T16:54:04.354Z","blocks":"c","date":"2019-07-06T22:00:00.000Z","comment":"7Q","createdAt":"2019-07-07T16:54:04.354Z"},{"_typeName":"Visit","id":"cjxt75o1g008d09359ibyahgc","updatedAt":"2019-08-03T09:52:17.633Z","blocks":"c","breedFrames":1,"date":"2019-07-06T22:00:00.000Z","comment":"","createdAt":"2019-07-07T16:54:35.763Z"},{"_typeName":"Visit","id":"cjxt78owx00910935e1me8fc8","updatedAt":"2019-07-07T16:56:56.864Z","blocks":"caa","date":"2019-07-06T22:00:00.000Z","comment":"","createdAt":"2019-07-07T16:56:56.864Z"},{"_typeName":"Visit","id":"cjxt7au9q009m0935zc4u3lwk","updatedAt":"2019-07-07T16:58:37.118Z","blocks":"caa","date":"2019-07-06T22:00:00.000Z","comment":"cria a 1/2 alça\nno te  etiqueta","createdAt":"2019-07-07T16:58:37.118Z"},{"_typeName":"Visit","id":"cjxt7bavy00a70935fl76d1m8","updatedAt":"2019-07-07T16:58:58.654Z","blocks":"cc","date":"2019-07-06T22:00:00.000Z","createdAt":"2019-07-07T16:58:58.654Z"},{"_typeName":"Visit","id":"cjxt7cn5d00as0935e43kc7y9","updatedAt":"2019-07-07T17:00:01.200Z","blocks":"cccac","date":"2019-07-06T22:00:00.000Z","comment":"cria a l'alça","createdAt":"2019-07-07T17:00:01.200Z"},{"_typeName":"Visit","id":"cjxt7e5qz00bb09352imuqe4t","updatedAt":"2019-07-07T17:01:11.962Z","blocks":"c","date":"2019-07-06T22:00:00.000Z","comment":"no reina\n+Qcastell 1820","createdAt":"2019-07-07T17:01:11.962Z"},{"_typeName":"Visit","id":"cjxt7h29l00cq0935qnsfxv14","updatedAt":"2019-07-07T17:03:27.417Z","blocks":"cc","date":"2019-07-06T22:00:00.000Z","comment":"castells a l'alça\n","createdAt":"2019-07-07T17:03:27.417Z"},{"_typeName":"Visit","id":"cjxt7ju5n00db09351qscxv16","updatedAt":"2019-07-07T17:05:36.874Z","blocks":"c","date":"2019-07-06T22:00:00.000Z","comment":"7Q","createdAt":"2019-07-07T17:05:36.874Z"},{"_typeName":"Visit","id":"cjxt7ln5m00dy0935bwq2t25t","updatedAt":"2019-07-07T17:07:01.113Z","blocks":"c","date":"2019-07-06T22:00:00.000Z","comment":"","createdAt":"2019-07-07T17:07:01.113Z"},{"_typeName":"Visit","id":"cjxt7mxsa00eq0935so2o473t","updatedAt":"2019-07-07T17:08:01.545Z","blocks":"c","date":"2019-07-06T22:00:00.000Z","comment":"6Q","createdAt":"2019-07-07T17:08:01.545Z"},{"_typeName":"Visit","id":"cjxt7o7b500fb0935d9zqtzei","updatedAt":"2019-07-07T17:09:00.545Z","blocks":"c","breedFrames":2,"date":"2019-07-06T22:00:00.000Z","comment":"5Q","createdAt":"2019-07-07T17:09:00.545Z"},{"_typeName":"Visit","id":"cjxt7uv4y00hp0935hb981l2a","updatedAt":"2019-10-07T06:51:18.253Z","blocks":"a","date":"2019-07-06T22:00:00.000Z","comment":"cria a 1/2 alça","createdAt":"2019-07-07T17:14:11.362Z"},{"_typeName":"Visit","id":"cjy352q80000f0965tkla0pgr","updatedAt":"2019-07-14T15:54:01.125Z","blocks":"c","breedFrames":3,"date":"2019-07-06T22:00:00.000Z","comment":"Sembla que para de pondre","createdAt":"2019-07-14T15:54:01.125Z"},{"_typeName":"Visit","id":"cjy353os2000y096530eog3vj","updatedAt":"2019-07-14T15:54:45.937Z","blocks":"c","date":"2019-07-06T22:00:00.000Z","comment":"bastant plena","createdAt":"2019-07-14T15:54:45.937Z"},{"_typeName":"Visit","id":"cjy3568yo001j0965vq6nh5vw","updatedAt":"2019-07-14T15:56:45.408Z","blocks":"c","date":"2019-07-06T22:00:00.000Z","feedingKg":1,"comment":"cria alternada","createdAt":"2019-07-14T15:56:45.408Z"},{"_typeName":"Visit","id":"cjy357hwg00260965k4ett69z","updatedAt":"2019-07-14T15:57:43.647Z","blocks":"c","breedFrames":2,"date":"2019-07-06T22:00:00.000Z","feedingKg":1,"comment":"alternada","createdAt":"2019-07-14T15:57:43.647Z"},{"_typeName":"Visit","id":"cjy358py6002r09655z4gi184","updatedAt":"2019-07-14T15:58:40.733Z","blocks":"cc","date":"2019-07-06T22:00:00.000Z","comment":"no pujen a l'alça","createdAt":"2019-07-14T15:58:40.733Z"},{"_typeName":"Visit","id":"cjy35ay7q003b09651ihtdryf","updatedAt":"2019-07-14T16:00:24.758Z","blocks":"c","date":"2019-07-06T22:00:00.000Z","comment":"+Qbresca 3\n-Qmel\nbastant plena\n","createdAt":"2019-07-14T16:00:24.758Z"},{"_typeName":"Visit","id":"cjy35ch25003x0965bk8sb4y3","updatedAt":"2019-07-14T16:01:35.837Z","blocks":"c","date":"2019-07-06T22:00:00.000Z","feedingKg":1,"comment":"+Qbresca (3)","createdAt":"2019-07-14T16:01:35.837Z"},{"_typeName":"Visit","id":"cjy35drjw004k096557zxrxfp","updatedAt":"2019-07-14T16:02:36.091Z","blocks":"c","breedFrames":3,"date":"2019-07-06T22:00:00.000Z","comment":"5Q","createdAt":"2019-07-14T16:02:36.091Z"},{"_typeName":"Visit","id":"cjy35erxt00550965wn5enp1w","updatedAt":"2019-07-14T16:03:23.248Z","blocks":"","date":"2019-07-13T22:00:00.000Z","comment":"eliminada","createdAt":"2019-07-14T16:03:23.248Z"},{"_typeName":"Visit","id":"cjy35g7lj005p0965isrs4opo","updatedAt":"2019-07-14T16:04:30.198Z","blocks":"c","breedFrames":7,"date":"2019-07-06T22:00:00.000Z","comment":"bastant plena","createdAt":"2019-07-14T16:04:30.198Z"},{"_typeName":"Visit","id":"cjy35icb2006a09650189qnzm","updatedAt":"2019-07-14T16:06:09.613Z","blocks":"c","breedFrames":4,"date":"2019-07-06T22:00:00.000Z","comment":"+2Qcria  Morta?(1920)","createdAt":"2019-07-14T16:06:09.613Z"},{"_typeName":"Visit","id":"cjy35jtbe006v0965sdbfuq72","updatedAt":"2019-07-14T16:07:18.314Z","blocks":"c","breedFrames":3,"date":"2019-07-06T22:00:00.000Z","comment":"+Qcria  (1920)\n7Q","createdAt":"2019-07-14T16:07:18.314Z"},{"_typeName":"Visit","id":"cjyvd0mbs001v0963bhg82ypy","updatedAt":"2019-08-03T09:53:52.647Z","blocks":"cc","date":"2019-08-02T22:00:00.000Z","comment":"mel a l'alça","createdAt":"2019-08-03T09:53:52.647Z"},{"_typeName":"Visit","id":"cjyvd2xwt002g0963hxowvljb","updatedAt":"2019-08-03T09:55:40.973Z","blocks":"c","date":"2019-08-02T22:00:00.000Z","comment":"poblada amb algo de reserva\n+Q mel cristalitzada\n","createdAt":"2019-08-03T09:55:40.973Z"},{"_typeName":"Visit","id":"cjyvd4tfg00340963dcp5c4mu","updatedAt":"2019-08-03T09:57:08.476Z","blocks":"c","breedFrames":0,"date":"2019-08-02T22:00:00.000Z","comment":"castells escapats\n+ Q mel cristalitzada","createdAt":"2019-08-03T09:57:08.476Z"},{"_typeName":"Visit","id":"cjyvd78yg003q0963e3wa0etu","updatedAt":"2019-08-03T09:59:16.235Z","blocks":"c","breedFrames":1,"date":"2019-08-02T22:00:00.000Z","comment":"+ Q mel cristalitzaada\n","extractedKg":1,"createdAt":"2019-08-03T09:59:01.911Z"},{"_typeName":"Visit","id":"cjz74b65b005f0963gvvzuvzn","updatedAt":"2019-08-11T15:23:22.455Z","blocks":"","date":"2019-08-08T22:00:00.000Z","comment":"Eliminada","createdAt":"2019-08-11T15:23:22.455Z"},{"_typeName":"Visit","id":"cjz74ciol00600963w4jn5p70","updatedAt":"2019-08-11T15:24:25.365Z","date":"2019-08-08T22:00:00.000Z","comment":"eliminada","createdAt":"2019-08-11T15:24:25.365Z"},{"_typeName":"Visit","id":"cjz74fa98006y09635gddir1e","updatedAt":"2019-08-11T15:26:34.411Z","date":"2019-08-08T22:00:00.000Z","comment":"Eliminada","createdAt":"2019-08-11T15:26:34.411Z"},{"_typeName":"Visit","id":"cjzgp8g1k000e0980pxhgbs8w","updatedAt":"2019-08-18T08:19:02.811Z","blocks":"c","date":"2019-08-16T22:00:00.000Z","comment":"hi ha cria","createdAt":"2019-08-18T08:19:02.811Z"},{"_typeName":"Visit","id":"cjzgp9gpd000y09801uv3uksm","updatedAt":"2019-08-18T08:19:50.353Z","blocks":"c","date":"2019-08-16T22:00:00.000Z","comment":"bastant plena","createdAt":"2019-08-18T08:19:50.353Z"},{"_typeName":"Visit","id":"cjzgpc1as001l0980h3e0bzqv","updatedAt":"2019-08-18T08:21:50.355Z","blocks":"c","breedFrames":2,"date":"2019-08-16T22:00:00.000Z","feedingKg":1,"comment":"alternada\n+1Qmel","createdAt":"2019-08-18T08:21:50.355Z"},{"_typeName":"Visit","id":"cjzgpdlhm002a0980n4nccvpv","updatedAt":"2019-08-18T08:23:03.177Z","blocks":"c","breedFrames":2,"date":"2019-08-16T22:00:00.000Z","feedingKg":1,"comment":"+2 Qmel","createdAt":"2019-08-18T08:23:03.177Z"},{"_typeName":"Visit","id":"cjzgpiu5900370980c83ow97x","updatedAt":"2019-08-18T08:27:07.676Z","blocks":"C","date":"2019-08-16T22:00:00.000Z","comment":"- Alça\ncc quasi ple\n-2Qmel\n+2Qb (1,10)","createdAt":"2019-08-18T08:27:07.676Z"},{"_typeName":"Visit","id":"cjzgpkja5003x0980afl4cx19","updatedAt":"2019-08-18T08:28:26.909Z","blocks":"c","date":"2019-08-16T22:00:00.000Z","comment":"algo de mel al QB","createdAt":"2019-08-18T08:28:26.909Z"},{"_typeName":"Visit","id":"cjzgpm338004h0980dijdw31i","updatedAt":"2019-08-18T08:29:39.236Z","blocks":"c","breedFrames":3,"date":"2019-08-16T22:00:00.000Z","comment":"+QB (5)","createdAt":"2019-08-18T08:29:39.236Z"},{"_typeName":"Visit","id":"cjzgpn7m900520980ujj09pxg","updatedAt":"2019-08-18T08:30:31.761Z","blocks":"c","breedFrames":3,"date":"2019-08-16T22:00:00.000Z","comment":"amb reserves","createdAt":"2019-08-18T08:30:31.761Z"},{"_typeName":"Visit","id":"cjzgpp6tb005t0980g22s56yl","updatedAt":"2019-08-18T08:32:04.030Z","blocks":"c","date":"2019-08-16T22:00:00.000Z","comment":"+QB\n-Qmel","createdAt":"2019-08-18T08:32:04.030Z"},{"_typeName":"Visit","id":"cjzgppz2e006e0980hj0x1v70","updatedAt":"2019-08-18T08:32:40.646Z","blocks":"c","date":"2019-08-16T22:00:00.000Z","comment":"amb reserves","createdAt":"2019-08-18T08:32:40.646Z"},{"_typeName":"Visit","id":"cjzgprb64007509809rom8706","updatedAt":"2019-08-18T08:33:42.987Z","blocks":"c","breedFrames":3,"date":"2019-08-16T22:00:00.000Z","comment":"allternada","createdAt":"2019-08-18T08:33:42.987Z"},{"_typeName":"Visit","id":"ck1g0lcdw000g0982lqvw6bw4","updatedAt":"2019-10-07T06:08:38.854Z","blocks":"c","date":"2019-10-05T22:00:00.000Z","comment":"cria compacte\npoca poblacio\n-c c","createdAt":"2019-10-07T06:08:38.854Z"},{"_typeName":"Visit","id":"ck1g0mhzp00160982lz5xh4pv","updatedAt":"2020-01-07T19:13:25.539Z","blocks":"","date":"2019-10-05T22:00:00.000Z","comment":"eliminada","createdAt":"2019-10-07T06:09:32.821Z"},{"_typeName":"Visit","id":"ck1g0qupq001w0982riu13o35","updatedAt":"2019-10-07T06:12:55.934Z","blocks":"c","date":"2019-10-05T22:00:00.000Z","comment":"cria compacte","createdAt":"2019-10-07T06:12:55.934Z"},{"_typeName":"Visit","id":"ck1g0sr94002g09823q8gevsv","updatedAt":"2019-10-07T06:14:24.760Z","blocks":"c","date":"2019-10-05T22:00:00.000Z","comment":"-alimentador\n+3Qmel","createdAt":"2019-10-07T06:14:24.760Z"},{"_typeName":"Visit","id":"ck1g0vw3d00360982bocp6pun","updatedAt":"2019-10-07T06:16:51.001Z","blocks":"c","date":"2019-10-04T22:00:00.000Z","feedingKg":1,"comment":"","createdAt":"2019-10-07T06:16:51.001Z"},{"_typeName":"Visit","id":"ck1g1ia3q003s09829kiak7nl","updatedAt":"2019-10-07T06:34:15.589Z","blocks":"c","date":"2019-10-05T22:00:00.000Z","comment":"-1/2 alça\nc te cria","createdAt":"2019-10-07T06:34:15.589Z"},{"_typeName":"Visit","id":"ck1g1l09y004d09826ya4bj16","updatedAt":"2019-10-07T06:36:22.821Z","blocks":"ca","date":"2019-10-05T22:00:00.000Z","comment":"cria a c c i a\n-4Qmel de l'alça","createdAt":"2019-10-07T06:36:22.821Z"},{"_typeName":"Visit","id":"ck1g1mgij005009824vtut6x2","updatedAt":"2019-10-07T06:37:30.523Z","blocks":"c","date":"2019-10-05T22:00:00.000Z","comment":"c pesa bastant","createdAt":"2019-10-07T06:37:30.523Z"},{"_typeName":"Visit","id":"ck1g1osjz005k0982tsa83tmi","updatedAt":"2019-10-07T06:39:19.438Z","blocks":"c","breedFrames":1,"date":"2019-10-05T22:00:00.000Z","comment":"poca poblaacio","createdAt":"2019-10-07T06:39:19.438Z"},{"_typeName":"Visit","id":"ck1g1vycz00650982b2k8rjdp","updatedAt":"2019-10-07T06:44:53.555Z","blocks":"c","date":"2019-10-05T22:00:00.000Z","comment":"cria a c (no a A)\n1/2 A bastant plena\n","createdAt":"2019-10-07T06:44:53.555Z"},{"_typeName":"Visit","id":"ck1g1yh29006q0982eymmczoi","updatedAt":"2019-10-07T06:46:51.105Z","blocks":"v","breedFrames":2,"date":"2019-10-05T22:00:00.000Z","comment":"+Qmel\nbastant plena\n","createdAt":"2019-10-07T06:46:51.105Z"},{"_typeName":"Visit","id":"ck1g203so007b09823ui4rlxv","updatedAt":"2019-10-07T06:48:07.224Z","blocks":"c","date":"2019-10-05T22:00:00.000Z","comment":"+3 Qmel\ncria compacte","createdAt":"2019-10-07T06:48:07.224Z"},{"_typeName":"Visit","id":"ck1g2ml56008u0982otzquz7i","updatedAt":"2019-10-07T07:10:03.224Z","blocks":"","date":"2019-09-21T22:00:00.000Z","comment":"8Q","createdAt":"2019-10-07T07:05:36.138Z"},{"_typeName":"Visit","id":"ck1g2rw0g009f0982z83nnd1a","updatedAt":"2019-10-07T07:09:43.503Z","blocks":"c","date":"2019-09-21T22:00:00.000Z","comment":"bastant plena","createdAt":"2019-10-07T07:09:43.503Z"},{"_typeName":"Visit","id":"ck1g2unds00ah0982b31d6bkl","updatedAt":"2019-10-07T07:11:52.288Z","blocks":"c","date":"2019-09-21T22:00:00.000Z","comment":"+4Q mel (1809)","createdAt":"2019-10-07T07:11:52.288Z"},{"_typeName":"Visit","id":"ck1g2wlnh00b30982860eo1ea","updatedAt":"2019-10-07T07:13:23.356Z","blocks":"c","breedFrames":3,"date":"2019-09-21T22:00:00.000Z","feedingKg":1,"comment":"alternada","createdAt":"2019-10-07T07:13:23.356Z"},{"_typeName":"Visit","id":"ck1g2xw0e00bm0982of7hdd8o","updatedAt":"2019-10-07T07:14:23.438Z","blocks":"c","breedFrames":3,"date":"2019-10-05T22:00:00.000Z","comment":"no mengen gaire\ncria alternada\nolor loque?\n","createdAt":"2019-10-07T07:14:23.438Z"},{"_typeName":"Visit","id":"ck1g3201e00c809822d7m353k","updatedAt":"2019-10-07T07:17:35.282Z","blocks":"c","date":"2019-09-21T22:00:00.000Z","comment":"-Q\n+QB\nbastant plena (poc espai per cria)","createdAt":"2019-10-07T07:17:35.282Z"},{"_typeName":"Visit","id":"ck1g33f5k00ct0982gph688mi","updatedAt":"2019-10-07T07:18:41.527Z","blocks":"c","date":"2019-09-21T22:00:00.000Z","comment":"+QB (6)\n7Q","createdAt":"2019-10-07T07:18:41.527Z"},{"_typeName":"Visit","id":"ck1g34t6600dd0982gtrfg3bw","updatedAt":"2019-10-07T07:19:46.349Z","blocks":"c","date":"2019-09-21T22:00:00.000Z","comment":"cria bloquejada?\n+QB (4)","createdAt":"2019-10-07T07:19:46.349Z"},{"_typeName":"Visit","id":"ck1g36uxg00e409824nb9s2ac","updatedAt":"2019-10-07T07:21:21.940Z","blocks":"c","date":"2019-09-21T22:00:00.000Z","comment":"+QB (7)\n-Qmel ---->1924\nplena de mel","createdAt":"2019-10-07T07:21:21.940Z"},{"_typeName":"Visit","id":"ck1g38bv100er0982x94wkwvj","updatedAt":"2019-10-07T07:22:30.541Z","blocks":"c","date":"2019-09-21T22:00:00.000Z","comment":"7Q amb reserves","createdAt":"2019-10-07T07:22:30.541Z"},{"_typeName":"Visit","id":"ck1p5sdxj004s0975856172pz","updatedAt":"2019-10-13T15:44:01.119Z","blocks":"c","breedFrames":2,"date":"2019-10-12T22:00:00.000Z","comment":"cria algo alternada\n+Q mel (1/2 alça) (7)","createdAt":"2019-10-13T15:44:01.119Z"},{"_typeName":"Visit","id":"ck1z1zrbv005m0975drw74sdm","updatedAt":"2019-10-20T13:55:28.350Z","blocks":"c","date":"2019-10-19T22:00:00.000Z","comment":"no pesa\n+1 Qmel","createdAt":"2019-10-20T13:55:28.350Z"},{"_typeName":"Visit","id":"ck1z2mjfl00710975m52ik5jz","updatedAt":"2019-10-20T14:13:11.265Z","blocks":"c","date":"2019-10-19T22:00:00.000Z","comment":"pesa poc","createdAt":"2019-10-20T14:13:11.265Z"},{"_typeName":"Visit","id":"ck1z2o74g007n097568fsxxic","updatedAt":"2019-10-20T14:14:28.623Z","blocks":"c","date":"2019-10-19T22:00:00.000Z","comment":"Eliminada","createdAt":"2019-10-20T14:14:28.623Z"},{"_typeName":"Visit","id":"ck1z2p4ax008909754ucg65ds","updatedAt":"2019-10-20T14:15:11.625Z","blocks":"c","date":"2019-10-19T22:00:00.000Z","comment":"poc pes","createdAt":"2019-10-20T14:15:11.625Z"},{"_typeName":"Visit","id":"ck1z2q3yb008v0975yetlpduk","updatedAt":"2019-10-20T14:15:57.826Z","blocks":"c","date":"2019-10-19T22:00:00.000Z","comment":"pesa poc","createdAt":"2019-10-20T14:15:57.826Z"},{"_typeName":"Visit","id":"ck1z2scp2009k0975c80yqwki","updatedAt":"2019-10-20T14:17:42.469Z","blocks":"","date":"2019-10-19T22:00:00.000Z","comment":"Eliminada","createdAt":"2019-10-20T14:17:42.469Z"},{"_typeName":"Visit","id":"ck1z2vgs100ac0975e0m9mi4l","updatedAt":"2019-10-20T14:20:07.728Z","blocks":"c","date":"2019-10-19T22:00:00.000Z","comment":"-alça\npesa","createdAt":"2019-10-20T14:20:07.728Z"},{"_typeName":"Visit","id":"ck1z2ybsn00az0975ab0ae48u","updatedAt":"2019-10-20T14:22:21.238Z","blocks":"c","date":"2019-10-19T22:00:00.000Z","comment":"1/2 Q quasi buit\n+2Qmel","createdAt":"2019-10-20T14:22:21.238Z"},{"_typeName":"Visit","id":"ck1z2zhk800bm0975c8azkafo","updatedAt":"2019-10-27T13:10:26.732Z","blocks":"c","date":"2019-10-19T22:00:00.000Z","comment":"pesa","createdAt":"2019-10-20T14:23:15.368Z"},{"_typeName":"Visit","id":"ck1z318zd00cb0975qyd9i7q4","updatedAt":"2019-10-20T14:24:37.561Z","blocks":"c","date":"2019-10-19T22:00:00.000Z","comment":"pesa","createdAt":"2019-10-20T14:24:37.561Z"},{"_typeName":"Visit","id":"ck1z32md100cy09756gj44vov","updatedAt":"2019-10-20T14:25:41.556Z","blocks":"c","date":"2019-10-19T22:00:00.000Z","comment":"pesa\n8Q","createdAt":"2019-10-20T14:25:41.556Z"},{"_typeName":"Visit","id":"ck1z33hov00dl0975jgifdqme","updatedAt":"2019-10-20T14:26:22.158Z","blocks":"c","date":"2019-10-19T22:00:00.000Z","comment":"pesa","createdAt":"2019-10-20T14:26:22.158Z"},{"_typeName":"Visit","id":"ck1z34i6100e60975nc8pzufg","updatedAt":"2019-10-20T14:37:52.149Z","blocks":"c","date":"2019-10-19T22:00:00.000Z","comment":"pesa","createdAt":"2019-10-20T14:27:09.432Z"},{"_typeName":"Visit","id":"ck1z35ak400er09753oy5asam","updatedAt":"2019-10-20T14:27:46.228Z","blocks":"c","date":"2019-10-19T22:00:00.000Z","comment":"pesa","createdAt":"2019-10-20T14:27:46.228Z"},{"_typeName":"Visit","id":"ck1z37meo00fg09751szvcdtw","updatedAt":"2019-10-20T14:29:54.229Z","blocks":"c","date":"2019-10-19T22:00:00.000Z","comment":"població a una banda\npesa","createdAt":"2019-10-20T14:29:34.896Z"},{"_typeName":"Visit","id":"ck1z39cxa00g80975dx82wroc","updatedAt":"2019-10-20T14:31:23.229Z","blocks":" c","date":"2019-10-19T22:00:00.000Z","comment":"pesa \n+3Qmel","createdAt":"2019-10-20T14:30:55.918Z"},{"_typeName":"Visit","id":"ck1z3b2qp00hp0975hh20haj6","updatedAt":"2019-10-20T14:32:16.033Z","blocks":"c","date":"2019-10-19T22:00:00.000Z","comment":"pesa","createdAt":"2019-10-20T14:32:16.033Z"},{"_typeName":"Visit","id":"ck1z3g6jx00ip0975b5f4aihd","updatedAt":"2019-10-20T14:36:14.253Z","blocks":"c","date":"2019-10-19T22:00:00.000Z","comment":"no pesa","createdAt":"2019-10-20T14:36:14.253Z"},{"_typeName":"Visit","id":"ck1z3j54k00jv0975ejjz4rp1","updatedAt":"2019-10-20T14:38:32.372Z","blocks":"c","date":"2019-10-19T22:00:00.000Z","comment":"no pesa gaire","createdAt":"2019-10-20T14:38:32.372Z"},{"_typeName":"Visit","id":"ck1z3jz0w00ki0975gxhw288c","updatedAt":"2019-10-20T14:39:23.838Z","blocks":"c","date":"2019-10-19T22:00:00.000Z","comment":"pesa","createdAt":"2019-10-20T14:39:11.119Z"},{"_typeName":"Visit","id":"ck1z3l7i900la0975l1c0gpzl","updatedAt":"2019-10-20T14:40:08.769Z","blocks":"c","date":"2019-10-19T22:00:00.000Z","comment":"pesa a una banda","createdAt":"2019-10-20T14:40:08.769Z"},{"_typeName":"Visit","id":"ck27f86lt000n0948e7amed68","updatedAt":"2019-11-05T17:24:23.331Z","blocks":"c","date":"2019-10-24T22:00:00.000Z","comment":"bastant plena","createdAt":"2019-10-26T10:28:05.829Z"},{"_typeName":"Visit","id":"ck27fad2b001409480xy2n3ot","updatedAt":"2019-10-26T10:29:47.555Z","blocks":"aa","date":"2019-10-24T22:00:00.000Z","comment":"sese etiqueta","createdAt":"2019-10-26T10:29:47.555Z"},{"_typeName":"Visit","id":"ck27fcopm001q0948er1rqy0y","updatedAt":"2019-10-26T10:31:35.961Z","blocks":"cc","date":"2019-10-24T22:00:00.000Z","comment":"+4Qmel alça\n","createdAt":"2019-10-26T10:31:35.961Z"},{"_typeName":"Visit","id":"ck27fdm8e002c0948i1s2f7tp","updatedAt":"2019-10-26T10:32:19.406Z","blocks":"c","date":"2019-10-24T22:00:00.000Z","comment":"pesa","createdAt":"2019-10-26T10:32:19.406Z"},{"_typeName":"Visit","id":"ck27felag002z0948ml2p6czc","updatedAt":"2019-10-26T10:33:04.840Z","blocks":"ca","date":"2019-10-24T22:00:00.000Z","comment":"","createdAt":"2019-10-26T10:33:04.840Z"},{"_typeName":"Visit","id":"ck27fgfm1003k094896zte8i8","updatedAt":"2019-10-26T10:34:30.793Z","blocks":"c","breedFrames":1,"date":"2019-10-24T22:00:00.000Z","comment":"poca poblacio","createdAt":"2019-10-26T10:34:30.793Z"},{"_typeName":"Visit","id":"ck27fieyd004a0948pw4c0xga","updatedAt":"2019-10-26T10:36:03.252Z","blocks":"c","date":"2019-10-24T22:00:00.000Z","comment":"bastant plena","createdAt":"2019-10-26T10:36:03.252Z"},{"_typeName":"Visit","id":"ck27fk73i004x0948lbbj56oz","updatedAt":"2019-10-26T10:37:26.382Z","blocks":"c","breedFrames":2,"date":"2019-10-24T22:00:00.000Z","comment":"+2Qmel\n-alimentador\n","createdAt":"2019-10-26T10:37:26.382Z"},{"_typeName":"Visit","id":"ck27fle6o005k0948fuuxo2yk","updatedAt":"2020-01-06T20:15:49.633Z","blocks":"ca","date":"2019-10-24T22:00:00.000Z","comment":"","createdAt":"2019-10-26T10:38:22.223Z"},{"_typeName":"Visit","id":"ck29818gm002f0941o1zizxqu","weight":20,"updatedAt":"2019-10-27T16:44:20.003Z","blocks":"c","date":"2019-10-26T22:00:00.000Z","feedingKg":1,"comment":"","createdAt":"2019-10-27T16:42:16.719Z"},{"_typeName":"Visit","id":"ck29826p6002z0941oguf1zs2","weight":21,"updatedAt":"2020-01-07T19:07:11.780Z","blocks":"c","date":"2019-10-26T22:00:00.000Z","feedingKg":1,"comment":"","createdAt":"2019-10-27T16:43:01.097Z"},{"_typeName":"Visit","id":"ck2983028003h0941i7sk38gu","weight":22,"updatedAt":"2019-10-27T16:43:39.151Z","blocks":"c","date":"2019-10-26T22:00:00.000Z","createdAt":"2019-10-27T16:43:39.151Z"},{"_typeName":"Visit","id":"ck2984z9e004s0941lba9yb1w","weight":24,"updatedAt":"2019-10-27T16:45:11.426Z","blocks":"c","date":"2019-10-26T22:00:00.000Z","createdAt":"2019-10-27T16:45:11.426Z"},{"_typeName":"Visit","id":"ck2986syg005e09418ix7m2zm","weight":25,"updatedAt":"2019-10-27T16:46:36.568Z","blocks":"c","date":"2019-10-26T22:00:00.000Z","createdAt":"2019-10-27T16:46:36.568Z"},{"_typeName":"Visit","id":"ck2988btc005x09418wr9ejtv","weight":20,"updatedAt":"2019-10-27T16:47:47.663Z","blocks":"c","date":"2019-10-26T22:00:00.000Z","feedingKg":1,"comment":"7Q","createdAt":"2019-10-27T16:47:47.663Z"},{"_typeName":"Visit","id":"ck2989et9006f0941vrwsl1yu","weight":23,"updatedAt":"2019-10-27T16:48:38.204Z","blocks":"c","date":"2019-10-26T22:00:00.000Z","createdAt":"2019-10-27T16:48:38.204Z"},{"_typeName":"Visit","id":"ck298a5sd006w0941oyyd9nfj","updatedAt":"2019-10-27T16:49:13.164Z","blocks":"c","date":"2019-10-26T22:00:00.000Z","createdAt":"2019-10-27T16:49:13.164Z"},{"_typeName":"Visit","id":"ck298b19k007e0941x5maq4ew","weight":24,"updatedAt":"2019-10-27T16:49:53.959Z","blocks":"c","date":"2019-10-26T22:00:00.000Z","createdAt":"2019-10-27T16:49:53.959Z"},{"_typeName":"Visit","id":"ck298crw4007w0941pe2tslbl","weight":13,"updatedAt":"2019-10-27T16:51:15.124Z","blocks":"c","date":"2019-10-26T22:00:00.000Z","comment":"","createdAt":"2019-10-27T16:51:15.124Z"},{"_typeName":"Visit","id":"ck298dqql008e0941r9onfkzq","weight":15,"updatedAt":"2019-10-27T16:52:00.284Z","blocks":"c","date":"2019-10-26T22:00:00.000Z","createdAt":"2019-10-27T16:52:00.284Z"},{"_typeName":"Visit","id":"ck298ep0h008x0941j7auno0i","weight":28,"updatedAt":"2019-10-27T16:52:44.704Z","blocks":"c","date":"2019-10-26T22:00:00.000Z","createdAt":"2019-10-27T16:52:44.704Z"},{"_typeName":"Visit","id":"ck298f9p5009f09416nzycajn","weight":23,"updatedAt":"2019-10-27T16:53:11.512Z","blocks":"c","date":"2019-10-26T22:00:00.000Z","createdAt":"2019-10-27T16:53:11.512Z"},{"_typeName":"Visit","id":"ck298fy76009x09413rmzr69h","weight":25,"updatedAt":"2019-10-27T16:53:43.266Z","blocks":"c","date":"2019-10-26T22:00:00.000Z","comment":"","createdAt":"2019-10-27T16:53:43.266Z"},{"_typeName":"Visit","id":"ck298gtzj00ai0941xe1ou3ga","weight":25,"updatedAt":"2019-10-27T16:54:24.462Z","blocks":"c","date":"2019-10-26T22:00:00.000Z","createdAt":"2019-10-27T16:54:24.462Z"},{"_typeName":"Visit","id":"ck298hp2d00b10941k8f8w8b3","weight":24,"updatedAt":"2019-10-27T16:55:04.740Z","blocks":"c","date":"2019-10-26T22:00:00.000Z","createdAt":"2019-10-27T16:55:04.740Z"},{"_typeName":"Visit","id":"ck298isvo00bj0941mt5u5qz4","weight":26,"updatedAt":"2019-10-27T16:55:56.340Z","blocks":"c","date":"2019-10-26T22:00:00.000Z","createdAt":"2019-10-27T16:55:56.340Z"},{"_typeName":"Visit","id":"ck298jw4p00c20941nh40w1bx","weight":20,"updatedAt":"2019-10-27T16:56:47.209Z","blocks":"c","date":"2019-10-26T22:00:00.000Z","feedingKg":1,"createdAt":"2019-10-27T16:56:47.209Z"},{"_typeName":"Visit","id":"ck298kw2z00cm0941vxn6v7y7","weight":19,"updatedAt":"2019-10-27T16:57:33.803Z","blocks":"c","date":"2019-10-26T22:00:00.000Z","extractedKg":1,"createdAt":"2019-10-27T16:57:33.803Z"},{"_typeName":"Visit","id":"ck298lkcn00d50941s7xbxvt6","weight":31,"updatedAt":"2019-10-27T16:58:05.254Z","blocks":"c","date":"2019-10-26T22:00:00.000Z","createdAt":"2019-10-27T16:58:05.254Z"},{"_typeName":"Visit","id":"ck298mgpe00dn0941lszmb82k","weight":24,"updatedAt":"2019-10-27T16:58:47.186Z","blocks":"c","date":"2019-10-26T22:00:00.000Z","comment":"","createdAt":"2019-10-27T16:58:47.186Z"},{"_typeName":"Visit","id":"ck4n2f9gv00oj09727v2cy2zt","updatedAt":"2019-12-26T18:33:24.628Z","date":"2019-12-23T23:00:00.000Z","comment":"Loque\n\neliminada\n","createdAt":"2019-12-26T18:33:24.628Z"},{"_typeName":"Visit","id":"ck63s85h6000i0972vs8aalz0","updatedAt":"2020-02-01T15:59:43.935Z","blocks":"","date":"2020-01-31T23:00:00.000Z","comment":"eliminada per loque\n","createdAt":"2020-02-01T15:59:43.935Z"},{"_typeName":"Visit","id":"ck69fpbnr000g0972snytrz3v","updatedAt":"2020-02-05T14:55:47.243Z","blocks":"","date":"2020-02-02T23:00:00.000Z","comment":"eliminada","createdAt":"2020-02-05T14:55:47.243Z"},{"_typeName":"Visit","id":"ck69fv4l700110972x4xhdn97","updatedAt":"2020-02-05T15:00:18.042Z","date":"2020-02-02T23:00:00.000Z","comment":"eliminat","createdAt":"2020-02-05T15:00:18.042Z"},{"_typeName":"Visit","id":"ck69fyfm1001j0972vf552sj7","updatedAt":"2020-02-05T15:02:52.297Z","date":"2020-02-02T23:00:00.000Z","comment":"eliminada","createdAt":"2020-02-05T15:02:52.297Z"},{"_typeName":"Visit","id":"ck69fzk8p001z09726o2sak4j","weight":20,"updatedAt":"2020-02-16T15:28:03.942Z","blocks":"c","breedFrames":3,"date":"2020-02-15T23:00:00.000Z","comment":"sense etiqueta\nsuposem que es 1923\n7Q","createdAt":"2020-02-05T15:03:44.952Z"},{"_typeName":"Visit","id":"ck6p586b2003r0972046i3nr7","weight":17,"updatedAt":"2020-02-16T14:46:49.660Z","blocks":"c","breedFrames":1,"date":"2020-02-15T23:00:00.000Z","comment":"4Q molt pobre\nno veig cria tendre","createdAt":"2020-02-16T14:46:49.660Z"},{"_typeName":"Visit","id":"ck6p5a32j00470972vya4993v","weight":18,"updatedAt":"2020-02-16T14:48:18.954Z","blocks":"c","breedFrames":2,"date":"2020-02-15T23:00:00.000Z","comment":"5Q + alimentador","createdAt":"2020-02-16T14:48:18.954Z"},{"_typeName":"Visit","id":"ck6p5b3px004m0972sstndreb","weight":23,"updatedAt":"2020-02-16T14:51:57.617Z","blocks":"c","breedFrames":4,"date":"2020-02-15T23:00:00.000Z","comment":"","createdAt":"2020-02-16T14:49:06.453Z"},{"_typeName":"Visit","id":"ck6p5dopm00520972or66fhsp","weight":23,"updatedAt":"2020-02-16T14:51:37.170Z","blocks":"c","breedFrames":4,"date":"2020-02-15T23:00:00.000Z","comment":"","createdAt":"2020-02-16T14:51:06.969Z"},{"_typeName":"Visit","id":"ck6p5hbxn006g0972dwyvm0j6","weight":24,"updatedAt":"2020-02-16T14:53:57.035Z","blocks":"c","breedFrames":3,"date":"2020-02-15T23:00:00.000Z","comment":"8Q","createdAt":"2020-02-16T14:53:57.035Z"},{"_typeName":"Visit","id":"ck6p5k73l006y0972uvu5vbmb","weight":23,"updatedAt":"2020-02-16T14:56:10.736Z","blocks":"c","breedFrames":4,"date":"2020-02-15T23:00:00.000Z","comment":"","createdAt":"2020-02-16T14:56:10.736Z"},{"_typeName":"Visit","id":"ck6p5lgv9007e0972tz7bykr2","weight":21,"updatedAt":"2020-02-16T14:57:10.053Z","blocks":"c","breedFrames":4,"date":"2020-02-15T23:00:00.000Z","comment":"","createdAt":"2020-02-16T14:57:10.053Z"},{"_typeName":"Visit","id":"ck6p5o5sr00810972ppfzj61b","weight":19,"updatedAt":"2020-02-16T15:00:12.202Z","blocks":"c","breedFrames":3,"date":"2020-02-15T23:00:00.000Z","comment":"8Q","createdAt":"2020-02-16T14:59:15.675Z"},{"_typeName":"Visit","id":"ck6p5s7ys00900972y77ou329","weight":28,"updatedAt":"2020-02-16T15:02:25.107Z","blocks":"cec","breedFrames":7,"date":"2020-02-15T23:00:00.000Z","comment":"+A+E","createdAt":"2020-02-16T15:02:25.107Z"},{"_typeName":"Visit","id":"ck6p5w2kc009p0972s0s9klu3","weight":26,"updatedAt":"2020-02-16T15:05:24.731Z","blocks":"cc","breedFrames":7,"date":"2020-02-15T23:00:00.000Z","comment":"+A","createdAt":"2020-02-16T15:05:24.731Z"},{"_typeName":"Visit","id":"ck6p60pmy00aa0972fz62zg8o","weight":23,"updatedAt":"2020-02-16T15:09:01.258Z","blocks":"c","breedFrames":4,"date":"2020-02-15T23:00:00.000Z","comment":"7Q\n+QB (6)","createdAt":"2020-02-16T15:09:01.258Z"},{"_typeName":"Visit","id":"ck6p62gwb00aq0972x471xppm","weight":24,"updatedAt":"2020-02-16T15:10:23.242Z","blocks":"c","breedFrames":3,"date":"2020-02-15T23:00:00.000Z","comment":"","createdAt":"2020-02-16T15:10:23.242Z"},{"_typeName":"Visit","id":"ck6p65fc000b60972gmcs2cop","weight":22,"updatedAt":"2020-02-16T15:12:41.184Z","blocks":"c","breedFrames":5,"date":"2020-02-15T23:00:00.000Z","createdAt":"2020-02-16T15:12:41.184Z"},{"_typeName":"Visit","id":"ck6p67r6k00bm0972pn7ciyox","weight":25,"updatedAt":"2020-02-16T15:14:29.851Z","blocks":"c","breedFrames":5,"date":"2020-02-15T23:00:00.000Z","comment":"- Alimentador\n+QB (9)","createdAt":"2020-02-16T15:14:29.851Z"},{"_typeName":"Visit","id":"ck6p6btkp00c50972z3onugop","weight":29,"updatedAt":"2020-02-16T15:20:44.111Z","blocks":"cc","breedFrames":9,"date":"2020-02-15T23:00:00.000Z","comment":"+A","createdAt":"2020-02-16T15:17:39.577Z"},{"_typeName":"Visit","id":"ck6p6ebe900cu0972rri0m3ko","weight":28,"updatedAt":"2020-02-16T15:19:35.985Z","blocks":"ca","breedFrames":6,"date":"2020-02-15T23:00:00.000Z","comment":"+1/2A","createdAt":"2020-02-16T15:19:35.985Z"},{"_typeName":"Visit","id":"ck6p6kqj500dy097293anlmlh","updatedAt":"2020-02-16T15:24:35.536Z","blocks":"c","date":"2020-02-15T23:00:00.000Z","comment":"-alimentador\n+1QB(5)","createdAt":"2020-02-16T15:24:35.536Z"},{"_typeName":"Visit","id":"ck6qpn8hj000f097251wbq4oi","weight":24,"updatedAt":"2020-02-17T17:06:10.969Z","blocks":"c","breedFrames":4,"date":"2020-02-16T23:00:00.000Z","comment":"QB(1)--->(5)","createdAt":"2020-02-17T17:06:10.969Z"},{"_typeName":"Visit","id":"ck6qpxmcn000w0972dkv62i38","weight":25,"updatedAt":"2020-02-17T17:14:15.527Z","blocks":"c","breedFrames":6,"date":"2020-02-16T23:00:00.000Z","comment":"","createdAt":"2020-02-17T17:14:15.527Z"},{"_typeName":"Visit","id":"ck6qq51r9001c097264pv0cnn","updatedAt":"2020-02-17T17:20:02.084Z","blocks":"ca","breedFrames":2,"date":"2020-02-16T23:00:00.000Z","comment":"hivern passat amb 2 AA\n2 (1/2Q de cria\nposo C amb QB amb mel)\n","createdAt":"2020-02-17T17:20:02.084Z"},{"_typeName":"Visit","id":"ck6qq743x001s097274u1s19j","updatedAt":"2020-02-17T17:21:38.444Z","blocks":"cc","breedFrames":0,"date":"2020-02-16T23:00:00.000Z","comment":"cria mascle\nno reina \ncastell escapat\n","createdAt":"2020-02-17T17:21:38.444Z"},{"_typeName":"Visit","id":"ck6qq92du002c0972us306sys","weight":28,"updatedAt":"2020-02-17T17:23:09.521Z","blocks":"ca","breedFrames":5,"date":"2020-02-16T23:00:00.000Z","comment":"+1/2 alça","createdAt":"2020-02-17T17:23:09.521Z"},{"_typeName":"Visit","id":"ck6qqc6e3002s097278rjskkr","updatedAt":"2020-02-17T17:25:34.682Z","blocks":"ca","breedFrames":3,"date":"2020-02-16T23:00:00.000Z","comment":"1 Q cria a 1/2 alça","createdAt":"2020-02-17T17:25:34.682Z"},{"_typeName":"Visit","id":"ck6qqeeei00370972iv21mlbm","updatedAt":"2020-02-17T17:27:18.378Z","blocks":"ca","breedFrames":4,"date":"2020-02-16T23:00:00.000Z","comment":"","createdAt":"2020-02-17T17:27:18.378Z"},{"_typeName":"Visit","id":"ck6qqfjcf003n0972yvetaz4t","weight":20,"updatedAt":"2020-02-17T17:28:11.439Z","blocks":"c","breedFrames":3,"date":"2020-02-16T23:00:00.000Z","comment":"","createdAt":"2020-02-17T17:28:11.439Z"},{"_typeName":"Visit","id":"ck727ct29004w0972031mu1bl","updatedAt":"2020-02-25T18:07:25.333Z","blocks":"ca","date":"2020-02-24T23:00:00.000Z","comment":"+1/2A","createdAt":"2020-02-25T18:07:25.333Z"},{"_typeName":"Visit","id":"ck727etld005c0972je91v5q4","updatedAt":"2020-02-25T18:08:59.473Z","blocks":"ca","date":"2020-02-24T23:00:00.000Z","comment":"mel a 1/2 A. Fan niu per pondre","createdAt":"2020-02-25T18:08:59.473Z"},{"_typeName":"Visit","id":"ck7j8cph5000f0972junud66j","updatedAt":"2020-03-08T16:07:25.402Z","blocks":"cea","date":"2020-03-06T23:00:00.000Z","comment":"+E+1/2A (amb mel any passat)","createdAt":"2020-03-08T16:07:25.402Z"},{"_typeName":"Visit","id":"ck7j8dl9k000u0972lvj1fkjc","updatedAt":"2020-03-08T16:08:06.631Z","blocks":"cea","date":"2020-03-06T23:00:00.000Z","comment":"+E+1/2A (amb mel any passat)","createdAt":"2020-03-08T16:08:06.631Z"},{"_typeName":"Visit","id":"ck7j8fz0i001a0972j2zurxri","updatedAt":"2020-03-08T16:09:57.761Z","blocks":"c","date":"2020-03-06T23:00:00.000Z","comment":"+2QB","createdAt":"2020-03-08T16:09:57.761Z"},{"_typeName":"Visit","id":"ck7j8j2mv001q0972eahp6vtt","updatedAt":"2020-03-08T16:12:22.422Z","blocks":"c","date":"2020-03-06T23:00:00.000Z","comment":"+2QB (6 i 7)","createdAt":"2020-03-08T16:12:22.422Z"},{"_typeName":"Visit","id":"ck7j8kw7d00260972c1euvveo","updatedAt":"2020-03-08T16:13:47.401Z","blocks":"cea","date":"2020-03-06T23:00:00.000Z","comment":"+E + 1/2 A","createdAt":"2020-03-08T16:13:47.401Z"},{"_typeName":"Visit","id":"ck7j8ovvw002v09726juz9p68","updatedAt":"2020-03-08T16:18:01.861Z","blocks":"cec","date":"2020-03-06T23:00:00.000Z","comment":"pujo 3Q amb mel i cria  a l'alça","createdAt":"2020-03-08T16:16:53.611Z"},{"_typeName":"Visit","id":"ck7j8uhwj004a0972rzhzxang","updatedAt":"2020-03-08T16:21:15.426Z","blocks":"c","date":"2020-03-06T23:00:00.000Z","comment":"+2QL +1QB(5)","createdAt":"2020-03-08T16:21:15.426Z"},{"_typeName":"Visit","id":"ck7j8vvls004u0972hk5s4stu","updatedAt":"2020-03-08T16:22:19.839Z","blocks":"c","date":"2020-03-06T23:00:00.000Z","comment":"3Q sense abella\n","createdAt":"2020-03-08T16:22:19.839Z"},{"_typeName":"Visit","id":"ck7j8y9d8005h0972z8cf34s2","updatedAt":"2020-03-08T16:24:10.988Z","blocks":"ca","date":"2020-03-06T23:00:00.000Z","comment":"+1/2A +2 1/2Qmel(1921)","createdAt":"2020-03-08T16:24:10.988Z"},{"_typeName":"Visit","id":"ck7j90ayv00610972tjf04ay4","updatedAt":"2020-03-08T16:25:46.374Z","blocks":"c","date":"2020-03-06T23:00:00.000Z","comment":"-1Qmel ---->(1913)","createdAt":"2020-03-08T16:25:46.374Z"},{"_typeName":"Visit","id":"ck7j94g02006t09723aeaf19w","updatedAt":"2020-03-08T16:28:59.521Z","blocks":"c","date":"2020-03-06T23:00:00.000Z","comment":"+3QL","createdAt":"2020-03-08T16:28:59.521Z"},{"_typeName":"Visit","id":"ck7j97o0l007d09724gkmjt0v","updatedAt":"2020-03-08T16:31:29.877Z","blocks":"ca","date":"2020-03-06T23:00:00.000Z","comment":"1/2a bastant plena\n2 1/2Qmel ---->1918","createdAt":"2020-03-08T16:31:29.877Z"},{"_typeName":"Visit","id":"ck7j9avr5007v0972wrpa3u1c","updatedAt":"2020-03-08T16:33:59.872Z","blocks":"c","date":"2020-03-06T23:00:00.000Z","comment":"Q5 ple de cria\nno plena no alça","createdAt":"2020-03-08T16:33:59.872Z"},{"_typeName":"Visit","id":"ck7j9d0zr008b0972incggr04","updatedAt":"2020-03-08T16:42:56.484Z","blocks":"ca","date":"2020-03-07T23:00:00.000Z","comment":"bresquen sota quadres de l'alça","createdAt":"2020-03-08T16:35:39.975Z"},{"_typeName":"Visit","id":"ck7j9euc900900972dz7mv5jr","updatedAt":"2020-03-08T16:43:14.129Z","blocks":"ca","breedFrames":2,"date":"2020-03-07T23:00:00.000Z","comment":"","createdAt":"2020-03-08T16:37:04.665Z"},{"_typeName":"Visit","id":"ck7j9gmra009g09729l91a0t1","updatedAt":"2020-03-08T16:43:27.453Z","blocks":"cc","date":"2020-03-07T23:00:00.000Z","comment":"Bagarrera\n+1QC cria? (1816)","createdAt":"2020-03-08T16:38:28.150Z"},{"_typeName":"Visit","id":"ck7j9hnou00a00972q28auyum","updatedAt":"2020-03-08T16:45:44.415Z","blocks":"cea","date":"2020-03-07T23:00:00.000Z","comment":"cria a l'alça + E","createdAt":"2020-03-08T16:39:16.013Z"},{"_typeName":"Visit","id":"ck7j9jpbb00al0972assl9437","updatedAt":"2020-03-08T16:42:07.128Z","blocks":"c","date":"2020-03-07T23:00:00.000Z","comment":"+QL (7) entre la cria","createdAt":"2020-03-08T16:40:51.430Z"},{"_typeName":"Visit","id":"ck7j9omoc00cu0972kkxbepik","updatedAt":"2020-03-08T16:44:41.292Z","blocks":"cea","date":"2020-03-07T23:00:00.000Z","comment":"cria a l'alça\n+E","createdAt":"2020-03-08T16:44:41.292Z"},{"_typeName":"Visit","id":"ck7j9umcz00eb0972i4llsvo4","updatedAt":"2020-03-08T16:49:20.818Z","blocks":"c","date":"2020-03-07T23:00:00.000Z","comment":"-Q cria? ----> (1816)\n+Qmel i cria bagarro","createdAt":"2020-03-08T16:49:20.818Z"},{"_typeName":"Visit","id":"ck7j9weak00ew0972oqzl9w8w","updatedAt":"2020-03-08T16:50:43.676Z","blocks":"cea","date":"2020-03-07T23:00:00.000Z","comment":"cria a l'alça\n+E","createdAt":"2020-03-08T16:50:43.676Z"},{"_typeName":"TreatmentType","id":"cjtxbaw4q012c0946u6fivm85","createdAt":"2019-03-31T19:22:53.353Z","updatedAt":"2019-03-31T19:22:53.353Z","name":"Apistan"},{"_typeName":"TreatmentType","id":"cjtxbbkvs012j0946dkzh3mho","createdAt":"2019-03-31T19:23:25.432Z","updatedAt":"2019-03-31T19:23:25.432Z","name":"Timol"},{"_typeName":"TreatmentType","id":"cjvxiw1qi00nx09964v1bm8t0","createdAt":"2019-05-21T08:14:42.378Z","updatedAt":"2019-05-21T08:14:42.378Z","name":"Apivar"},{"_typeName":"TreatmentType","id":"cjw3okh0k002f0894mdf4tkfl","createdAt":"2019-05-25T15:40:17.057Z","updatedAt":"2019-05-25T15:40:17.057Z","name":"A. lactic"},{"_typeName":"TreatmentType","id":"ck1z2kmfa00620975lsrmuksr","createdAt":"2019-10-20T14:11:41.795Z","updatedAt":"2019-10-20T14:11:41.795Z","name":"apitraz"},{"_typeName":"Location","id":"cjt9vrref001q0928st08egtj","name":"Cal Sorribes","updatedAt":"2019-03-16T17:14:47.869Z","latitude":41.84,"longitude":1.75,"createdAt":"2019-03-15T09:49:24.451Z"},{"_typeName":"Location","id":"cjt9vs7pp001x0928prb7ql2f","name":"Cal Rojas","updatedAt":"2019-03-16T17:07:27.931Z","latitude":41.85,"longitude":1.66,"createdAt":"2019-03-15T09:49:45.612Z"},{"_typeName":"Location","id":"cjwdu17fs00ap08948sg5mevf","name":"Saldes","updatedAt":"2019-06-01T18:12:29.318Z","latitude":398066.44,"longitude":4675119.06,"createdAt":"2019-06-01T18:10:57.616Z"},{"_typeName":"FeedingType","id":"cjtww8e7m00w10946p6gq0vnf","createdAt":"2019-03-31T12:21:02.469Z","name":"Sucre ","updatedAt":"2019-03-31T18:21:43.861Z"},{"_typeName":"FeedingType","id":"cjtww9j5h00wr0946xe4haq2a","createdAt":"2019-03-31T12:21:55.637Z","name":"Glucosa","updatedAt":"2019-03-31T18:24:46.511Z"},{"_typeName":"FeedingType","id":"cjtx95n0i00zb0946hqxuvcm8","createdAt":"2019-03-31T18:22:49.026Z","name":"Glucosa 40%","updatedAt":"2019-03-31T18:24:54.047Z"},{"_typeName":"FeedingType","id":"cjtx967pn00zh09468xmvhg7v","createdAt":"2019-03-31T18:23:15.851Z","name":"Glucosa 50%","updatedAt":"2019-03-31T18:25:04.045Z"},{"_typeName":"FeedingType","id":"cjtx96jdu00zn09466x1989uw","createdAt":"2019-03-31T18:23:30.978Z","name":"Glucosa 60%","updatedAt":"2019-03-31T18:25:12.954Z"},{"_typeName":"FeedingType","id":"cjtx97vcl00zt0946wv5cwrcw","createdAt":"2019-03-31T18:24:33.141Z","name":"Pasta solida","updatedAt":"2019-03-31T18:24:33.141Z"},{"_typeName":"Hive","id":"cjstb9drf00lp0971jpf6b68h","updatedAt":"2020-01-06T20:31:48.074Z","blocks":"","code":"1801","createdAt":"2019-03-03T19:30:55.845Z","active":true},{"_typeName":"Hive","id":"cjstbdtla00mr0971k3juckf1","updatedAt":"2020-02-01T15:59:53.134Z","blocks":"cea","code":"1802","createdAt":"2019-03-03T19:34:22.990Z","active":false},{"_typeName":"Hive","id":"cjstbh6gg00o609718t7yxmzk","updatedAt":"2020-01-07T19:08:28.380Z","blocks":"cc ","code":"1803","createdAt":"2019-03-03T19:36:59.632Z","active":false},{"_typeName":"Hive","id":"cjstbk4nn00pi097117vlrvhx","updatedAt":"2020-01-07T19:08:48.072Z","blocks":"c","code":"1804","createdAt":"2019-03-03T19:39:17.267Z","active":true},{"_typeName":"Hive","id":"cjstbmawj00qy0971mnghezsq","updatedAt":"2020-01-07T19:09:07.380Z","blocks":"c","code":"1805","comment":"","createdAt":"2019-03-03T19:40:58.675Z","active":false},{"_typeName":"Hive","id":"cjstbn9ik00ro0971yj318ydn","updatedAt":"2020-01-07T19:09:26.763Z","blocks":"c","code":"1806","createdAt":"2019-03-03T19:41:43.532Z","active":true},{"_typeName":"Hive","id":"cjstbowc100sw09714kojzm9n","updatedAt":"2020-01-07T19:10:05.810Z","blocks":"cecc","code":"1807","createdAt":"2019-03-03T19:42:59.761Z","active":true},{"_typeName":"Hive","id":"cjstbp2y400t20971vijpp8gg","updatedAt":"2020-02-05T15:14:20.648Z","blocks":"cc","code":"1808","createdAt":"2019-03-03T19:43:08.331Z","active":false},{"_typeName":"Hive","id":"cjstbpee500t80971ansso8iv","updatedAt":"2020-01-07T19:16:26.984Z","blocks":"","code":"1809","comment":"","createdAt":"2019-03-03T19:43:23.165Z","active":false},{"_typeName":"Hive","id":"cjstbppyc00te0971i4dmvmhh","updatedAt":"2020-01-07T19:11:22.739Z","blocks":"","code":"1810","createdAt":"2019-03-03T19:43:38.147Z","active":false},{"_typeName":"Hive","id":"cjstbxb1o00xr0971xt87qzxo","updatedAt":"2020-01-07T19:14:09.787Z","blocks":"c","code":"1811","createdAt":"2019-03-03T19:49:32.076Z","active":false},{"_typeName":"Hive","id":"cjstbxguz00xy09711pjvb2fn","updatedAt":"2020-01-07T19:14:45.478Z","blocks":"ca","code":"1812","createdAt":"2019-03-03T19:49:39.611Z","active":false},{"_typeName":"Hive","id":"cjstbxo5l00y40971ts0uh81w","updatedAt":"2020-01-07T19:16:14.633Z","blocks":"c","code":"1813","createdAt":"2019-03-03T19:49:49.065Z","active":false},{"_typeName":"Hive","id":"cjstby16f00ya0971ycxj189v","updatedAt":"2020-01-07T19:16:47.069Z","blocks":"caa","code":"1814","createdAt":"2019-03-03T19:50:05.943Z","active":true},{"_typeName":"Hive","id":"cjstby8yr00yg097115qb3u4j","updatedAt":"2020-01-07T19:17:14.612Z","blocks":"ca","code":"1815","createdAt":"2019-03-03T19:50:16.035Z","active":true},{"_typeName":"Hive","id":"cjstbyi2d00ym0971tdyaldqb","updatedAt":"2020-01-07T19:17:38.458Z","code":"1816","createdAt":"2019-03-03T19:50:27.829Z","active":true},{"_typeName":"Hive","id":"cjstbyoh100ys0971zhjkvko5","updatedAt":"2020-01-07T19:18:05.973Z","blocks":"c","code":"1817","createdAt":"2019-03-03T19:50:36.133Z","active":true},{"_typeName":"Hive","id":"cjstbyv8q00yy0971wvd3vgfd","updatedAt":"2020-01-07T19:18:27.013Z","code":"1818","createdAt":"2019-03-03T19:50:44.905Z","active":false},{"_typeName":"Hive","id":"cjstbz1tp00z40971mehtdx9y","updatedAt":"2020-01-07T19:18:48.722Z","blocks":"","code":"1819","comment":"","createdAt":"2019-03-03T19:50:53.436Z","active":true},{"_typeName":"Hive","id":"cjstbz9e200za09717mpdqiui","updatedAt":"2020-01-07T19:19:05.040Z","code":"1820","createdAt":"2019-03-03T19:51:03.242Z","active":false},{"_typeName":"Hive","id":"cjstbzh5p00zg09712xm5fduy","updatedAt":"2020-01-07T19:19:22.478Z","blocks":"c","code":"1901","comment":"Origen: Lluís Guixà (2/03/19)\nNucli cartró\n","createdAt":"2019-03-03T19:51:13.308Z","active":true},{"_typeName":"Hive","id":"cjt45koic008j0843j39xxv5e","updatedAt":"2020-01-07T19:19:45.827Z","blocks":"c","code":"1902","comment":"Origen 1806 +(castR 1902)\nNucli cartró  3QC + 1QCM + 1QCastR(1902)","createdAt":"2019-03-11T09:37:13.235Z","active":true},{"_typeName":"Hive","id":"cjt5paabr009x0843lexr3ayz","updatedAt":"2020-02-05T14:55:58.940Z","blocks":"c","code":"1903","comment":"origen Layens . QC (1820)\nDesplaço Layens\n","createdAt":"2019-03-12T11:36:46.791Z","active":false},{"_typeName":"Hive","id":"cjtlmo1lp00150946o9f7imsf","updatedAt":"2020-02-17T17:31:00.987Z","blocks":"ca","code":"1904","comment":"3QC (1819) amb castells\n+ 1/2 alça brescada","createdAt":"2019-03-23T15:07:48.627Z","active":false},{"_typeName":"Hive","id":"cjttz9flb00kh0946kimg6htt","updatedAt":"2020-01-07T19:20:45.104Z","blocks":"c","code":"1905","comment":"origen layens\nQc 1819 amb castells\n","createdAt":"2019-03-29T11:22:31.343Z","active":true},{"_typeName":"Hive","id":"cjttzc1ph00kn0946pwor2p9i","updatedAt":"2020-01-06T20:20:19.386Z","blocks":"0","code":"1906","comment":"eixam cal sorribes\nnucli cartro\n","createdAt":"2019-03-29T11:24:33.317Z","active":true},{"_typeName":"Hive","id":"cjtx9d0ti010x0946xgafynbc","updatedAt":"2020-01-07T19:21:19.321Z","blocks":"c","code":"1907","comment":"eixam Cal Sorribes\n+1QC amb castells(1813)\nnucli cartro","createdAt":"2019-03-31T18:28:33.509Z","active":true},{"_typeName":"Hive","id":"cjuxnk01b01ox0918n4kbc24t","updatedAt":"2020-01-07T19:23:09.404Z","blocks":"c","code":"1908","createdAt":"2019-04-26T05:45:36.047Z","active":true},{"_typeName":"Hive","id":"cjuxnmbz301pl0918rm68t7kz","updatedAt":"2020-01-07T19:23:24.804Z","blocks":"0","code":"1909","createdAt":"2019-04-26T05:47:24.830Z","active":true},{"_typeName":"Hive","id":"cjvaynnjr00090977fi23bj1m","updatedAt":"2020-01-07T19:23:49.566Z","blocks":"c","code":"1910","comment":"origen Les Llaceres","createdAt":"2019-05-05T13:17:22.513Z","active":true},{"_typeName":"Hive","id":"cjvaypcac000n0977fphf1zzg","updatedAt":"2020-01-07T19:24:02.186Z","blocks":"1","code":"1911","comment":"Origen Les Llaceres","createdAt":"2019-05-05T13:18:41.268Z","active":false},{"_typeName":"Hive","id":"cjvuvxfva00iw09961nkdjjsw","updatedAt":"2020-01-07T19:24:34.563Z","blocks":"ca","code":"1912","comment":"cria a 1/2 alça","createdAt":"2019-05-19T11:56:23.829Z","active":true},{"_typeName":"Hive","id":"cjwdtxrr1008v08946xwugbml","updatedAt":"2020-01-07T19:25:11.196Z","blocks":"c","code":"1913","comment":"Eixam cal Sorribes teula","createdAt":"2019-06-01T18:08:17.230Z","active":true},{"_typeName":"Hive","id":"cjwdty2mu00930894wxzn69zn","updatedAt":"2020-01-07T19:25:28.835Z","blocks":"c","code":"1915","comment":"Eixam els llacs","createdAt":"2019-06-01T18:08:31.445Z","active":true},{"_typeName":"Hive","id":"cjwdtyg0b009b08949j9dlrb3","updatedAt":"2020-01-07T19:25:56.326Z","code":"1916","comment":"Eixam cal xic","createdAt":"2019-06-01T18:08:48.779Z","active":true},{"_typeName":"Hive","id":"cjwdtyxxx009y0894eovj23lj","updatedAt":"2020-01-07T19:26:10.230Z","blocks":"c","code":"1914","comment":"eixam El Puig\n","createdAt":"2019-06-01T18:09:12.021Z","active":true},{"_typeName":"Hive","id":"cjx2r5vir00bq0872mw6425cb","updatedAt":"2020-02-16T15:06:30.072Z","blocks":"c","code":"1917","comment":"origen Vilaredes","createdAt":"2019-06-19T04:44:51.026Z","active":true},{"_typeName":"Hive","id":"cjx2r9stq00cm0872h43ca3fi","updatedAt":"2020-01-07T19:27:01.313Z","blocks":"c","code":"1918","comment":"origen Vilaredes","createdAt":"2019-06-19T04:47:54.158Z","active":true},{"_typeName":"Hive","id":"cjx2rd2zw00dm0872e4x77q1m","updatedAt":"2020-01-07T19:27:56.846Z","blocks":"c","code":"1919","comment":"origen el Cortes","createdAt":"2019-06-19T04:50:27.308Z","active":true},{"_typeName":"Hive","id":"cjx2ri20400f10872d78z102v","updatedAt":"2020-01-07T19:28:23.074Z","blocks":"c","code":"1920","comment":"origen El Cortès","createdAt":"2019-06-19T04:54:19.299Z","active":false},{"_typeName":"Hive","id":"cjx2rkkwi00fz08720yo3v4pm","updatedAt":"2020-01-07T19:29:05.419Z","blocks":"c","code":"1921","comment":"origen El Cortès","createdAt":"2019-06-19T04:56:17.105Z","active":true},{"_typeName":"Hive","id":"cjx2rlsvw00gx0872o60zdhuf","updatedAt":"2019-12-26T18:33:41.229Z","blocks":"c","code":"1922","comment":"origen El Cortès","createdAt":"2019-06-19T04:57:14.107Z","active":false},{"_typeName":"Hive","id":"cjx2roynf00ia0872f5ahpq76","updatedAt":"2020-02-05T15:04:24.329Z","blocks":"","code":"1923","comment":"origen El Cortès\ntrobada destapada","createdAt":"2019-06-19T04:59:41.546Z","active":false}]}